date,open,high,low,close,C-O,volume,SMA7,profit or not
"2,1,2019",37.434,38.391,37.2745,38.1663,0.7323,148158948,37.38357143,0
"3,1,2019",34.7972,35.2178,34.3187,34.3646,-0.4326,365248780,37.08871429,1
"4,1,2019",34.9302,35.9017,34.7537,35.8316,0.9014,234428280,37.13808571,0
"7,1,2019",35.938,35.9694,35.2613,35.7519,-0.1861,219111056,36.81907143,1
"8,1,2019",36.1458,36.692,35.8945,36.4334,0.2876,164101256,36.63262857,0
"9,1,2019",36.5639,37.347,36.1627,37.0521,0.4882,180396324,36.53181429,0
"10,1,2019",36.8564,37.2116,36.46,37.1705,0.3141,143122680,36.39577143,0
"11,1,2019",36.9482,37.1464,36.6171,36.8056,-0.1426,108092964,36.20138571,1
"14,01,2019",36.4576,36.5591,36.0636,36.2521,-0.2055,129756744,36.47102857,1
"15,01,2019",36.3174,37.0714,36.2642,36.9941,0.6767,114841296,36.6371,0
"16,01,2019",36.9965,37.6732,36.9772,37.4461,0.4496,122278824,36.87912857,0
"17,01,2019",37.2672,38.1034,37.04,37.6684,0.4012,119284640,37.05555714,0
"18,01,2019",38.0648,38.1566,37.6975,37.9004,-0.1644,135004092,37.17674286,1
"22,01,2019",37.8013,37.8787,36.8854,37.0497,-0.7516,121575880,37.15948571,1
"23,01,2019",37.2551,37.4944,36.663,37.1995,-0.0556,92522280,37.21575714,1
"24,01,2019",37.2455,37.3349,36.6727,36.9047,-0.3408,101766196,37.30898571,1
"25,01,2019",37.5766,38.217,37.2962,38.1276,0.551,134191572,37.47091429,0
"28,01,2019",37.6515,37.782,37.1367,37.7747,0.1232,104768232,37.51785714,0
"29,01,2019",37.7627,38.217,37.2455,37.3832,-0.3795,166348956,37.47711429,1
"30,01,2019",39.4544,40.1553,38.7245,39.9378,0.4834,244439120,37.76817143,0
"31,01,2019",40.1456,40.8441,39.771,40.2254,0.0798,162958596,38.22184286,0
"1,2,2019",40.3511,40.8393,40.1021,40.2447,-0.1064,130672552,38.65687143,1
"4,2,2019",40.4598,41.4858,40.4284,41.3879,0.9281,125982328,39.29732857,0
"5,2,2019",41.777,42.3135,41.6537,42.096,0.319,144406512,39.86424286,0
"6,2,2019",42.2096,42.4319,41.7753,42.1105,-0.0991,112958364,40.48364286,1
"7,2,2019",41.6658,42.038,41.1679,41.3129,-0.3529,126966760,41.04502857,1
"8,2,2019",41.0166,41.422,40.8783,41.3613,0.3447,95279864,41.24838571,0
"11,2,2019",41.5166,41.5555,41.0797,41.1234,-0.3932,83973700,41.37667143,1
"12,2,2019",41.286,41.5045,41.189,41.4778,0.1918,89134092,41.55282857,0
"13,02,2019",41.5991,41.8637,41.2424,41.3055,-0.2936,89960932,41.54105714,1
"14,02,2019",41.1914,41.568,41.1113,41.4559,0.2645,87342988,41.44961429,0
"15,02,2019",41.5652,41.6744,41.2011,41.3637,-0.2015,98507256,41.34292857,1
"19,02,2019",41.1914,41.6113,41.138,41.4875,0.2961,75891304,41.36787143,0
"20,02,2019",41.5506,42.0676,41.5021,41.7545,0.2039,104457448,41.42404286,0
"21,02,2019",41.6987,41.837,41.3346,41.519,-0.1797,68998680,41.48055714,1
"22,02,2019",41.6453,41.9899,41.5967,41.9826,0.3373,75652616,41.55267143,0
"25,02,2019",42.2715,42.6865,42.2205,42.2885,0.017,87493432,41.6931,0
"26,02,2019",42.1622,42.5482,42.032,42.3127,0.1505,68280844,41.8155,0
"27,02,2019",42.0409,42.4754,41.9244,42.4438,0.4029,111341556,41.9698,0
"28,02,2019",42.3103,42.4535,41.9705,42.0263,-0.284,112861664,42.04677143,1
"1,3,2019",42.3006,42.5118,41.9632,42.4681,0.1675,103544668,42.14871429,0
"4,3,2019",42.6428,43.1428,42.2254,42.6817,0.0389,109744812,42.31481429,0
"5,3,2019",42.7035,42.7181,42.3637,42.604,-0.0995,78949676,42.40358571,1
"6,3,2019",42.3953,42.5943,42.2181,42.3588,-0.0365,83241536,42.41362857,1
"7,3,2019",42.2011,42.3394,41.7521,41.8686,-0.3325,99185496,42.35018571,1
"8,3,2019",41.3394,42.0069,41.1404,41.9681,0.6287,95997432,42.28222857,0
"11,3,2019",42.5943,43.4753,42.5603,43.4219,0.8276,128044136,42.4816,0
"12,3,2019",43.6889,44.337,43.536,43.9098,0.2209,129870336,42.68755714,0
"13,03,2019",44.235,44.4899,43.9122,44.104,-0.131,124130096,42.89074286,1
"14,03,2019",44.6355,44.6841,44.3103,44.5943,-0.0412,94318032,43.17507143,1
"15,03,2019",44.8661,45.468,44.5967,45.1744,0.3083,156171648,43.5773,0
"18,03,2019",45.0967,45.7253,45.0943,45.6355,0.5388,104879328,44.11542857,0
"19,03,2019",45.7156,45.871,45.1258,45.2739,-0.4417,126585476,44.58768571,1
"20,03,2019",45.2011,45.9923,44.837,45.6695,0.4684,124140924,44.90877143,0
"21,03,2019",46.121,47.6525,46.07,47.3515,1.2305,204136948,45.40044286,0
"22,03,2019",47.4122,47.9826,46.3054,46.3709,-1.0413,169630664,45.72428571,1
"25,03,2019",46.4826,46.5967,45.2909,45.8103,-0.6723,175381172,45.898,1
"26,03,2019",46.52,46.8151,44.8006,45.337,-1.183,199202152,45.92122857,1
"27,03,2019",45.8127,46.0578,45.2787,45.7447,-0.068,119393708,45.93682857,1
"28,03,2019",45.8612,46.0091,45.5166,45.8054,-0.0558,83121452,46.01275714,1
"29,03,2019",46.0748,46.1355,45.7617,46.104,0.0292,94255844,46.07482857,0
"1,4,2019",46.5142,46.5239,45.7229,46.4171,-0.0971,111447856,45.94134286,1
"2,4,2019",46.3807,47.1986,46.3709,47.0918,0.7111,91062928,46.04432857,0
"3,4,2019",46.9049,47.6938,46.8807,47.4146,0.5097,93087320,46.27351429,0
"4,4,2019",47.2787,47.6622,46.8782,47.4972,0.2185,76457100,46.58211429,0
"5,4,2019",47.6816,47.8394,47.5554,47.8151,0.1335,74106576,46.87788571,0
"8,4,2019",47.6743,48.5991,47.6549,48.5675,0.8932,103526788,47.27247143,0
"9,4,2019",48.6209,49.235,48.3564,48.4219,-0.199,143072948,47.6036,1
"10,4,2019",48.2229,48.7229,48.1015,48.6937,0.4708,86781152,47.92882857,0
"11,4,2019",48.7496,48.786,48.1654,48.2884,-0.4612,83603232,48.09977143,1
"12,4,2019",48.3491,48.5772,47.6234,48.269,-0.0801,111042672,48.22182857,1
"15,04,2019",48.1986,48.5069,48.0603,48.3564,0.1578,70146584,48.34457143,0
"16,04,2019",48.4122,48.8758,48.1937,48.3612,-0.051,102785540,48.42258571,1
"17,04,2019",48.4316,49.3636,48.2059,49.303,0.8714,115627120,48.52765714,0
"18,04,2019",49.3005,49.5505,49.1549,49.4801,0.1796,96783064,48.67882857,0
"22,04,2019",49.2301,49.7423,49.1112,49.6428,0.4127,77758180,48.81441429,0
"23,04,2019",49.6185,50.4243,49.4899,50.3588,0.7403,93291964,49.11018571,0
"24,04,2019",50.3297,50.6015,50.2544,50.2811,-0.0486,70162436,49.39762857,1
"25,04,2019",50.201,50.4267,49.786,49.8248,-0.3762,74172824,49.6074,1
"26,04,2019",49.7326,49.7568,49.0578,49.5869,-0.1457,74596408,49.7825,1
"29,04,2019",49.6112,49.9923,49.4801,49.6622,0.051,88818864,49.83381429,0
"30,04,2019",49.286,49.3685,48.3272,48.7059,-0.5801,186139692,49.72321429,1
"1,5,2019",50.9413,52.2592,50.7835,51.0966,0.1553,259309312,49.9309,0
"2,5,2019",50.9316,51.6136,50.5165,50.7641,-0.1675,127985296,49.9888,1
"3,5,2019",51.1864,51.417,51.0262,51.3952,0.2088,83569512,50.14795714,0
"6,5,2019",49.5845,50.6889,49.3928,50.6015,1.017,129772452,50.25891429,0
"7,5,2019",49.9704,50.3436,48.7435,49.2374,-0.733,155054792,50.20898571,1
"8,5,2019",49.0044,49.8394,48.968,49.2471,0.2427,105358016,50.14968571,0
"9,5,2019",48.6403,48.951,47.7326,48.718,0.0777,139634428,50.15141429,0
"10,5,2019",48.1039,48.4526,46.9711,48.0457,-0.0582,164834848,49.71557143,1
"13,05,2019",45.7382,46.1695,44.554,45.2533,-0.4849,229722492,48.92831429,1
"14,05,2019",45.4214,46.2231,45.1778,45.9697,0.5483,146118708,48.15324286,0
"15,05,2019",45.3873,46.7226,45.3264,46.5204,1.1331,106178872,47.57022857,0
"16,05,2019",46.2743,46.8978,46.0135,46.3157,0.0414,132125456,47.15284286,0
"17,05,2019",45.5481,46.5155,45.5067,46.0525,0.5044,131516360,46.69647143,0
"20,05,2019",44.7172,44.9192,43.9287,44.6125,-0.1047,154449160,46.10997143,1
"21,05,2019",45.1315,45.8089,45.0048,45.4677,0.3362,113459392,45.74168571,0
"22,05,2019",44.995,45.2509,44.4809,44.5369,-0.4581,118994224,45.63934286,1
"23,05,2019",43.8108,43.9911,43.3259,43.7767,-0.0341,146118944,45.32605714,1
"24,05,2019",43.9083,44.381,43.5233,43.6086,-0.2997,94858744,44.91008571,1
"28,05,2019",43.5964,44.0033,43.3503,43.4283,-0.1681,111792640,44.4976,1
"29,05,2019",42.9872,43.7012,42.8849,43.2211,0.2339,113924660,44.09311429,0
"30,05,2019",43.36,43.6719,43.0481,43.4453,0.0853,84873648,43.92637143,0
"31,05,2019",42.9409,43.3698,42.6388,42.6583,-0.2826,108174336,43.52502857,1
"3,6,2019",42.7874,43.3527,41.4887,42.227,-0.5604,161584276,43.19504286,1
"4,6,2019",42.7484,43.8181,42.5243,43.7718,1.0234,123871844,43.19434286,0
"5,6,2019",44.9024,45.0754,44.1373,44.4784,-0.424,119093708,43.3186,1
"6,6,2019",44.61,45.1924,44.3832,45.1315,0.5215,90105244,43.56191429,0
"7,6,2019",45.4458,46.764,45.2655,46.3327,0.8869,122737572,44.00642857,0
"10,6,2019",46.7372,47.6047,46.6909,46.9248,0.1876,104883404,44.5035,0
"11,6,2019",47.4804,47.7582,47.1734,47.4682,-0.0122,107731528,45.19062857,1
"12,6,2019",47.2587,47.7509,47.121,47.3171,0.0584,73012756,45.91778571,0
"13,06,2019",47.4414,47.9507,47.1734,47.3074,-0.134,86698500,46.42287143,1
"14,06,2019",46.6726,47.17,46.3693,46.9638,0.2912,75045896,46.77792857,0
"17,06,2019",47.0028,47.5048,46.8249,47.244,0.2412,58676576,47.07971429,0
"18,06,2019",47.7704,48.8035,47.5657,48.3551,0.5847,106204016,47.36862857,0
"19,06,2019",48.6549,48.7036,48.0774,48.2138,-0.4411,84496940,47.55277143,1
"20,06,2019",48.823,48.8815,48.2528,48.6012,-0.2218,86055952,47.71462857,1
"21,06,2019",48.4404,48.9399,48.282,48.4356,-0.0048,191202356,47.87441429,1
"24,06,2019",48.3771,48.7718,48.2869,48.3868,0.0097,72881684,48.02861429,0
"25,06,2019",48.3503,48.5525,47.5852,47.6534,-0.6969,84281336,48.12712857,1
"26,06,2019",48.1895,48.9741,48.0871,48.6841,0.4946,104270048,48.33285714,0
"27,06,2019",48.8035,49.1154,48.628,48.6695,-0.134,83598868,48.37777143,1
"28,06,2019",48.4112,48.6098,48.014,48.226,-0.1852,124442568,48.37951429,1
"1,7,2019",49.5052,49.8269,48.8912,49.1105,-0.3947,109266956,48.45227143,1
"2,7,2019",49.0764,49.4961,49.0642,49.398,0.3216,67740868,48.58975714,0
"3,7,2019",49.532,49.8147,49.3883,49.8074,0.2754,45448180,48.7927,0
"5,7,2019",49.5491,49.9706,49.4395,49.7635,0.2144,69062072,49.09414286,0
"8,7,2019",48.9302,49.074,48.3454,48.7377,-0.1925,101354512,49.1018,1
"9,7,2019",48.5379,49.1008,48.4429,49.035,0.4971,82312060,49.15401429,0
"10,7,2019",49.1836,49.6417,49.1129,49.5199,0.3363,71588552,49.33885714,0
"11,7,2019",49.5394,49.8025,49.1495,49.1592,-0.3802,80767368,49.34581429,1
"12,7,2019",49.3298,49.7075,49.2689,49.5369,0.2071,70380848,49.36565714,0
"15,07,2019",49.7294,50.1631,49.7075,50.0023,0.2729,67789680,49.3935,0
"16,07,2019",49.8512,50.2216,49.5856,49.8293,-0.0219,67467264,49.4029,1
"17,07,2019",49.7197,49.9734,49.5296,49.5491,-0.1706,56429800,49.51881429,1
"18,07,2019",49.7075,50.1656,49.6344,50.112,0.4045,74328644,49.67267143,0
"19,07,2019",50.1436,50.3166,49.3079,49.3639,-0.7797,83717228,49.65038571,1
"22,07,2019",49.6222,50.4945,49.6125,50.4921,0.8699,89111728,49.8408,0
"23,07,2019",50.7942,50.9039,50.5091,50.8868,0.0926,73420840,50.03364286,0
"24,07,2019",50.6017,50.9624,50.4799,50.8454,0.2437,59966268,50.15408571,0
"25,07,2019",50.899,50.9843,50.3727,50.4433,-0.4557,55638248,50.2418,1
"26,07,2019",50.5554,51.1037,50.4726,50.6188,0.0634,70475496,50.39461429,0
"29,07,2019",50.7942,51.3254,50.7893,51.0915,0.2973,86693556,50.53454286,0
"30,07,2019",50.8673,51.2085,50.514,50.8722,0.0049,135742872,50.75001429,0
"31,07,2019",52.7338,53.9399,51.4862,51.9102,-0.8236,277125444,50.9526,1
"1,8,2019",52.1198,53.1261,50.376,50.7869,-1.3329,216071688,50.93832857,1
"2,8,2019",50.0803,50.2996,49.13,49.7124,-0.3679,163448488,50.77647143,1
"5,8,2019",48.2431,48.4036,46.9248,47.11,-1.1331,209571876,50.30028571,1
"6,8,2019",47.8337,48.2618,47.2806,48.0018,0.1681,143299148,49.92642857,0
"7,8,2019",47.6144,48.6256,47.227,48.4989,0.8845,133457600,49.55605714,0
"8,8,2019",48.7816,49.593,48.5842,49.5686,0.787,108038092,49.36982857,0
"9,8,2019",49.2375,49.5946,48.7459,49.1617,-0.0758,98478984,48.97718571,1
"12,8,2019",48.8266,49.4213,48.7116,49.0369,0.2103,89927556,48.72718571,0
"13,08,2019",49.169,51.8889,49.1225,51.1136,1.9446,190159144,48.92735714,0
"14,08,2019",49.6924,50.4947,49.5523,49.5922,-0.1002,146189772,49.28195714,1
"15,08,2019",49.7658,50.1768,48.8388,49.3451,-0.4207,111533452,49.47385714,1
"16,08,2019",49.9664,50.6708,49.8588,50.5094,0.543,115254496,49.76107143,0
"19,08,2019",51.5171,52.0334,51.3716,51.4511,-0.066,97727660,50.03,1
"20,08,2019",51.5807,52.1849,51.4438,51.4536,-0.1271,107678116,50.35741429,1
"21,08,2019",52.0968,52.2583,51.7576,52.0112,-0.0856,86258988,50.78231429,1
"22,08,2019",52.1458,52.4503,51.5489,51.9672,-0.1786,89071276,50.90425714,1
"23,08,2019",51.2261,51.8672,49.1641,49.5653,-1.6608,187531372,50.90041429,1
"26,08,2019",50.3529,50.6782,50.1565,50.507,0.1541,104264520,51.0664,0
"27,08,2019",50.8421,51.0108,49.783,49.937,-0.9051,103589376,50.98462857,1
"28,08,2019",49.9224,50.3186,49.7316,50.2721,0.3497,63830528,50.8162,0
"29,08,2019",50.9986,51.1992,50.5473,51.1233,0.1247,84030608,50.76901429,0
"30,08,2019",51.4046,51.4756,50.6806,51.0573,-0.3473,84650244,50.63274286,1
"3,9,2019",50.4923,50.6268,49.9517,50.3137,-0.1786,80238296,50.39652857,1
"4,9,2019",50.9717,51.2383,50.71,51.1674,0.1957,76867280,50.6254,0
"5,9,2019",51.8547,52.3365,51.7348,52.1678,0.3131,95787936,50.86265714,0
"6,9,2019",52.3561,52.4466,51.9794,52.1629,-0.1932,76928340,51.18064286,1
"9,9,2019",52.5493,52.9407,51.6272,52.3855,-0.1638,109237604,51.48255714,1
"10,9,2019",52.3096,53.0239,51.7838,53.0043,0.6947,127111724,51.75127143,0
"11,9,2019",53.3394,54.7189,53.2562,54.6896,1.3502,177158584,52.27017143,0
"12,9,2019",54.9855,55.3818,54.511,54.5661,-0.4194,128906676,52.87765714,1
"13,09,2019",53.8115,54.0047,53.0826,53.5057,-0.3058,159053184,53.2117,1
"16,09,2019",53.2562,53.8433,53.2147,53.787,0.5308,84632564,53.44301429,0
"17,09,2019",53.8017,54.012,53.5962,53.9827,0.181,73545872,53.70298571,0
"18,09,2019",54.0707,54.5086,53.6745,54.489,0.4183,102572372,54.00348571,0
"19,09,2019",54.3031,54.7312,53.902,54.0463,-0.2568,88751504,54.15234286,1
"20,09,2019",54.149,54.4376,53.1934,53.2562,-0.8928,231908376,53.94757143,1
"23,09,2019",53.5546,53.7723,53.2367,53.4984,-0.0562,77678592,53.79504286,1
"24,09,2019",54.0695,54.4205,53.1242,53.244,-0.8255,125737468,53.75765714,1
"25,09,2019",53.4568,54.1784,53.112,54.0634,0.6066,89924024,53.79714286,0
"26,09,2019",53.8115,54.0414,53.5253,53.7846,-0.0269,76353248,53.76884286,1
"27,09,2019",53.9436,54.0463,53.1465,53.5228,-0.4208,101445140,53.63081429,1
"30,09,2019",54.0316,54.9317,54.0047,54.7825,0.7509,105274332,53.73598571,0
"1,10,2019",55.0516,55.8221,54.8388,54.9342,-0.1174,144748652,53.9757,1
"2,10,2019",54.5599,54.6871,53.3052,53.5571,-1.0028,143069028,53.98408571,1
"3,10,2019",53.4275,54.0463,52.6208,54.012,0.5845,121410744,54.0938,0
"4,10,2019",55.191,55.6435,54.763,55.5261,0.3351,139022212,54.30275714,0
"7,10,2019",55.3451,56.2403,55.2399,55.5383,0.1932,123557076,54.55328571,0
"8,10,2019",55.235,55.7829,54.8706,54.8877,-0.3473,117130800,54.74827143,1
"9,10,2019",55.531,55.7169,55.191,55.531,0,76117696,54.8552,0
"10,10,2019",55.7511,56.3651,55.597,56.2795,0.5284,115851936,55.04738571,0
"11,10,2019",56.979,58.1262,56.8219,57.7764,0.7974,167960840,55.65014286,0
"14,10,2019",57.456,58.2471,57.3997,57.6932,0.2372,97653936,56.17602857,0
"15,10,2019",57.8204,58.1286,57.4511,57.5587,-0.2617,92161932,56.4664,1
"16,10,2019",57.0817,57.5391,57.0402,57.3263,0.2446,77146776,56.72182857,0
"17,10,2019",57.5025,57.7617,57.1184,57.5489,0.0464,69091588,57.102,0
"18,10,2019",57.3802,58.1115,57.3068,57.8253,0.4451,96992092,57.42975714,0
"21,10,2019",58.0968,58.9456,58.0479,58.8282,0.7314,87246268,57.79385714,0
"22,10,2019",58.9872,59.2415,58.6109,58.6936,-0.2936,90736004,57.92488571,1
"23,10,2019",59.2171,59.4959,59.0018,59.4812,0.2641,79730180,58.18031429,0
"24,10,2019",59.8066,59.8775,59.1449,59.5791,-0.2275,71665020,58.46894286,1
"25,10,2019",59.4764,60.3496,59.4079,60.3129,0.8365,73477184,58.8956,0
"28,10,2019",60.5183,60.966,60.3471,60.917,0.3987,96572964,59.37675714,0
"29,10,2019",60.8975,61.0883,59.332,59.5082,-1.3893,142839468,59.61717143,1
"30,10,2019",59.8677,59.9998,58.9994,59.5008,-0.3669,124522088,59.71325714,1
"31,10,2019",60.4743,60.9464,58.0332,60.8461,0.3718,139162080,60.02075714,0
"1,11,2019",61.0369,62.5999,60.9439,62.573,1.5361,151125336,60.46244286,0
"4,11,2019",62.9423,63.0683,62.4653,62.9839,0.0416,103271808,60.94884286,0
"5,11,2019",62.8738,63.1527,62.6953,62.8934,0.0196,79897708,61.31748571,0
"6,11,2019",62.8053,62.9814,62.4617,62.9203,0.115,75864496,61.60367143,0
"7,11,2019",63.475,63.87,63.3205,63.6443,0.1693,94940332,62.19454286,0
"8,11,2019",63.4628,63.8921,63.0114,63.8185,0.3557,70081980,62.81135714,0
"11,11,2019",63.3671,64.3901,63.3622,64.3238,0.9567,82029836,63.30817143,0
"12,11,2019",64.1644,64.4686,64.0098,64.265,0.1006,87388904,63.54988571,0
"13,11,2019",64.0613,64.9568,64.0466,64.8807,0.8194,103270372,63.82085714,0
"14,11,2019",64.7041,64.9813,64.2993,64.4318,-0.2723,89582224,64.04062857,1
"15,11,2019",64.6869,65.2021,64.5226,65.1972,0.5103,100374664,64.3659,0
"18,11,2019",65.207,65.6069,64.8219,65.5259,0.3189,86803588,64.6347,0
"19,11,2019",65.7222,65.7467,65.1071,65.3272,-0.395,76278388,64.85022857,1
"20,11,2019",65.1432,65.2764,63.8823,64.5667,-0.5765,106439676,64.88492857,1
"21,11,2019",64.6894,64.7667,64.0736,64.2772,-0.4122,121395112,64.88667143,1
"22,11,2019",64.4195,64.5643,63.9902,64.2208,-0.1987,65325052,64.7924,1
"25,11,2019",64.449,65.364,64.4023,65.3468,0.8978,84118068,64.92311429,0
"26,11,2019",65.4867,65.5406,64.3974,64.8366,-0.6501,105339528,64.8716,1
"27,11,2019",65.153,65.7418,65.0868,65.7075,0.5545,65544488,64.89754286,0
"29,11,2019",65.4033,65.7467,65.2315,65.5627,0.1594,46617452,64.93118571,0
"2,12,2019",65.5676,65.8081,64.6305,64.8047,-0.7629,94774200,64.96518571,1
"3,12,2019",63.3695,63.6688,62.874,63.6492,0.2797,117509072,64.87547143,0
"4,12,2019",64.0466,64.5962,63.951,64.211,0.1644,67241552,64.87407143,0
"5,12,2019",64.7139,65.2291,64.4539,65.153,0.4391,74645372,64.84638571,0
"6,12,2019",65.6192,66.4827,65.575,66.4115,0.7923,106189972,65.07137143,0
"9,12,2019",66.2374,66.4336,64.9887,65.4818,-0.7556,128730580,65.03912857,1
"10,12,2019",65.8939,66.2545,65.2217,65.8645,-0.0294,90529532,65.08224286,1
"11,12,2019",65.9454,66.5072,65.8694,66.4263,0.4809,78893564,65.3139,0
"12,12,2019",65.6927,66.8654,65.5801,66.5955,0.9028,137748168,65.7348,0
"13,12,2019",66.5955,67.5376,66.4655,67.5008,0.9053,133731224,66.20477143,0
"16,12,2019",67.9546,68.8844,67.9497,68.6563,0.7017,128324420,66.70524286,0
"17,12,2019",68.5851,69.1248,68.3962,68.7912,0.2061,114303192,67.0452,0
"18,12,2019",68.6415,69.1567,68.4747,68.6268,-0.0147,116098748,67.49448571,1
"19,12,2019",68.5679,68.9801,68.433,68.6955,0.1276,98507788,67.89891429,0
"20,12,2019",69.2377,69.3407,68.3373,68.5532,-0.6845,276130972,68.20275714,1
"23,12,2019",68.8206,69.7332,68.7822,69.6719,0.8513,98711532,68.64224286,0
"24,12,2019",69.8412,69.8902,69.4069,69.7381,-0.1031,48478856,68.96185714,1
"26,12,2019",69.8731,71.1389,69.8436,71.1218,1.2487,93336016,69.31407143,0
"27,12,2019",71.4186,72.1178,70.6826,71.0948,-0.3238,146371744,69.64315714,1
"30,12,2019",71.0114,71.8038,69.9712,71.5167,0.5053,144238456,70.056,0
"31,12,2019",71.1267,72.0466,71.0261,72.0393,0.9126,100990500,70.53368571,0
"2,1,2020",72.6747,73.7443,72.4171,73.6829,1.0082,135647456,71.2665,0
"3,1,2020",72.8979,73.7394,72.7384,72.9666,0.0687,146535512,71.73717143,0
"6,1,2020",72.0736,73.5873,71.8185,73.548,1.4744,117288824,72.28144286,0
"7,1,2020",73.5578,73.8179,72.9789,73.2021,-0.3557,111510620,72.57862857,1
"8,1,2020",72.9004,74.6863,72.8994,74.3797,1.4793,132363784,73.0479,0
"9,1,2020",75.372,76.1558,75.1181,75.9595,0.5875,167082252,73.68258571,0
"10,1,2020",76.1975,76.7053,75.621,76.1313,-0.0662,140869088,74.26715714,1
"13,01,2020",76.4526,77.7847,76.3324,77.7578,1.3052,120114968,74.84928571,0
"14,01,2020",77.694,77.9074,76.5827,76.7078,-0.9862,162613828,75.38374286,1
"15,01,2020",76.5042,77.3996,75.9399,76.379,-0.1252,121923528,75.78817143,1
"16,01,2020",76.931,77.4487,76.563,77.3358,0.4048,108829016,76.3787,0
"17,01,2020",77.5885,78.1944,77.2769,78.192,0.6035,137816468,76.92331429,0
"21,01,2020",77.8142,78.2631,77.5223,77.6621,-0.1521,108940156,77.16654286,1
"22,01,2020",78.1552,78.5011,77.8436,77.9393,-0.2159,101832460,77.42482857,1
"23,01,2020",77.9933,78.3956,77.4364,78.3146,0.3213,104471972,77.50437143,0
"24,01,2020",78.5649,79.3205,77.8948,78.0889,-0.476,146537520,77.70167143,1
"27,01,2020",76.065,76.4845,74.7943,75.7927,-0.2723,161940020,77.61791429,1
"28,01,2020",76.6882,78.111,76.5876,77.9368,1.2486,162233944,77.70377143,0
"29,01,2020",79.5952,80.4293,78.8421,79.5683,-0.0269,216599712,77.90038571,1
"30,01,2020",78.6369,79.5069,78.1969,79.4529,0.816,126743232,78.15621429,0
"31,01,2020",78.7317,79.161,75.6308,75.9301,-2.8016,199588384,77.86918571,1
"3,2,2020",74.652,76.9065,74.1417,75.7216,1.0696,173985604,77.49875714,0
"4,2,2020",77.353,78.4152,76.9419,78.2214,0.8684,136616536,77.51768571,0
"5,2,2020",79.3671,79.6713,78.246,78.8593,-0.5078,118826872,77.95577143,1
"6,2,2020",79.134,79.7841,78.5673,79.7817,0.6477,105425540,78.21932857,0
"7,2,2020",79.2752,79.5285,78.2006,78.6998,-0.5754,117684048,78.09525714,1
"10,2,2020",77.2612,79.0736,77.1801,79.0736,1.8124,109348860,78.04107143,0
"11,2,2020",79.5777,79.6515,78.3752,78.5965,-0.9812,94323120,78.42198571,1
"12,2,2020",79.0539,80.4679,79.0539,80.463,1.4091,113730292,79.09932857,0
"13,02,2020",79.7228,80.222,79.5162,79.89,0.1672,94747568,79.3377,0
"14,02,2020",79.8556,80.163,79.3933,79.9097,0.0541,80113788,79.48775714,0
"18,02,2020",77.5514,78.6309,77.367,78.4465,0.8951,152762180,79.29701429,0
"19,02,2020",78.6924,79.8163,78.6924,79.5826,0.8902,93983964,79.42312857,0
"20,02,2020",79.3392,79.8359,78.2522,78.7662,-0.573,100565956,79.37921429,1
"21,02,2020",78.3531,78.8031,76.3562,76.9833,-1.3698,129705660,79.14875714,1
"24,02,2020",73.1003,74.8021,71.1257,73.3266,0.2263,222195312,78.12927143,0
"25,02,2020",74.0078,74.3963,70.3633,70.8429,-3.1649,230673456,76.83682857,1
"26,02,2020",70.4617,73.2528,70.4543,71.9667,1.505,198713724,75.70211429,0
"27,02,2020",69.1264,70.3314,67.1246,67.2624,-1.864,320605524,74.10438571,1
"28,02,2020",63.2638,68.4649,63.0449,67.223,3.9592,426884920,72.33872857,0
"2,3,2020",69.4166,74.1283,68.2952,73.4815,4.0649,341397356,71.58377143,0
"3,3,2020",74.6767,74.7578,70.2822,71.1478,-3.5289,319475408,70.75012857,1
"4,3,2020",72.8987,74.6103,72.0847,74.448,1.5493,219178272,70.91032857,0
"5,3,2020",72.6725,73.6635,71.6618,72.0331,-0.6394,187572876,71.08035714,1
"6,3,2020",69.3477,71.5167,69.1583,71.0765,1.7288,226176984,70.95318571,0
"9,3,2020",64.8598,68.3862,64.6753,65.4549,0.5951,282534164,70.69497143,0
"10,3,2020",68.1526,70.4396,66.2418,70.1691,2.0165,285290080,71.11584286,0
"11,3,2020",68.214,69.1559,66.8541,67.732,-0.482,251274092,70.29448571,1
"12,3,2020",62.9392,66.3967,60.9866,61.0432,-1.896,418474068,68.85097143,1
"13,03,2020",65.1401,68.8362,62.2039,68.3567,3.2166,370732128,67.98078571,0
"16,03,2020",59.4989,63.7114,59.0193,59.5628,0.0639,317293276,66.19931429,0
"17,03,2020",60.8661,63.3499,58.6259,62.1818,1.3157,321976284,64.92864286,0
"18,03,2020",58.9628,61.4785,58.3111,60.6596,1.6968,300233624,64.2436,0
"19,03,2020",60.8354,62.1769,59.6612,60.1948,-0.6406,271857020,62.8187,1
"20,03,2020",60.785,61.9285,56.0684,56.3733,-4.4117,401693384,61.19602857,1
"23,03,2020",56.088,56.1912,52.2837,55.1757,-0.9123,336752832,60.35781429,1
"24,03,2020",58.1242,60.9104,57.6176,60.7112,2.587,287531092,59.2656,0
"25,03,2020",61.6629,63.5072,60.0768,60.3768,-1.2861,296674648,59.38188571,1
"26,03,2020",60.6227,63.613,60.5833,63.554,2.9313,252560676,59.57791429,0
"27,03,2020",62.1547,62.922,60.753,60.9227,-1.232,204216612,59.6155,1
"30,03,2020",61.6604,62.8359,61.3309,62.6613,1.0009,167976440,59.96785714,0
"31,03,2020",62.8556,64.5499,61.9703,62.5334,-0.3222,196157656,60.84787143,1
"1,4,2020",60.6178,61.1637,58.8054,59.2431,-1.3747,174404196,61.42892857,1
"2,4,2020",59.1029,60.2858,58.257,60.2317,1.1288,165273044,61.36042857,0
"3,4,2020",59.7079,60.421,58.767,59.3661,-0.3418,129880068,61.21604286,1
"6,4,2020",61.6998,64.7024,61.326,64.545,2.8452,200351804,61.35761429,0
"7,4,2020",66.5935,66.8148,63.6917,63.7974,-2.7961,202137960,61.76828571,1
"8,4,2020",64.6114,65.75,64.2401,65.4303,0.8189,164829120,62.16385714,0
"9,4,2020",66.077,66.414,65.0934,65.9024,-0.1746,162116492,62.64514286,1
"13,04,2020",65.9811,67.3066,65.3713,67.196,1.2149,131022924,63.78127143,0
"14,04,2020",68.8559,70.8847,68.3763,70.5896,1.7337,194994688,65.26097143,0
"15,04,2020",69.4461,70.4125,69.0108,69.9453,0.4992,131154564,66.77228571,0
"16,04,2020",70.6707,70.8718,69.4338,70.501,-0.1697,157125160,67.62314286,1
"17,04,2020",70.0092,70.5637,68.0837,69.5444,-0.4648,215249912,68.44414286,1
"20,04,2020",68.3518,69.269,68.0812,68.1009,-0.2509,127949604,68.82565714,1
"21,04,2020",67.9411,68.1796,65.2729,65.9959,-1.9452,180991572,68.83901429,1
"22,04,2020",67.2845,68.3395,66.9377,67.8968,0.6123,114432336,68.93912857,0
"23,04,2020",67.8403,69.2862,67.5943,67.6337,-0.2066,123426528,68.51685714,1
"24,04,2020",68.1673,69.5961,68.1181,69.5862,1.4189,126508732,68.46555714,0
"27,04,2020",69.2985,69.9723,68.8436,69.6354,0.3369,116821920,68.3419,0
"28,04,2020",70.1051,70.2896,68.4132,68.5067,-1.5984,109034440,68.19365714,1
"29,04,2020",70.019,71.2339,69.8125,70.7568,0.7378,137280816,68.57307143,0
"30,04,2020",71.3052,72.429,70.9093,72.2495,0.9443,183063872,69.46644286,0
"1,5,2020",70.3928,73.5282,70.2945,71.0863,0.6935,240616700,69.92208571,0
"4,5,2020",71.1109,72.2224,70.4094,72.0921,0.9812,133567944,70.559,0
"5,5,2020",72.5593,74.0201,72.4118,73.1741,0.6148,147751180,71.07155714,0
"6,5,2020",73.8873,74.5709,73.4963,73.9291,0.0418,142333752,71.68494286,0
"7,5,2020",74.566,75.0455,74.2586,74.6939,0.1279,115215056,72.56882857,0
"8,5,2020",75.3598,76.5212,75.027,76.4669,1.1071,134047940,73.38455714,0
"11,5,2020",75.9664,78.1731,75.7543,77.6701,1.7037,145186952,74.15892857,0
"12,5,2020",78.3655,78.8236,76.6592,76.7825,-1.583,162301052,74.97267143,1
"13,05,2020",76.965,77.9019,74.7607,75.8554,-1.1096,200622556,75.51028571,1
"14,05,2020",75.0812,76.3831,74.3465,76.3214,1.2402,158929076,75.9599,0
"15,05,2020",74.0555,75.9171,74.021,75.8702,1.8147,164073664,76.2372,0
"18,05,2020",77.2165,78.0375,76.5148,77.6578,0.4413,135372500,76.66061429,0
"19,05,2020",77.6751,78.5356,77.177,77.2091,-0.466,101729540,76.76664286,1
"20,05,2020",78.0819,78.7821,77.9636,78.7106,0.6287,111504860,76.91528571,0
"21,05,2020",78.5701,79.1199,77.8822,78.1238,-0.4463,102688844,77.1069,1
"22,05,2020",77.8575,78.7106,77.754,78.6268,0.7693,81803016,77.50281429,0
"26,05,2020",79.7635,79.9459,78.0375,78.0942,-1.6693,125521816,77.75607143,1
"27,05,2020",77.9488,78.5824,77.1967,78.4345,0.4857,112945096,78.1224,0
"28,05,2020",78.1041,79.7487,77.823,78.469,0.3649,133796412,78.23828571,0
"29,05,2020",78.7156,79.184,78.0301,78.3926,-0.323,153598128,78.40735714,1
"1,6,2020",78.3457,79.4799,78.2126,79.3566,1.0109,81018612,78.49964286,0
"2,6,2020",79.0842,79.7487,78.6367,79.724,0.6398,87019260,78.72824286,0
"3,6,2020",80.0495,80.4292,79.4676,80.1629,0.1134,104281476,78.94768571,0
"4,6,2020",79.9829,80.2862,79.0928,79.4725,-0.5104,85441932,79.14458571,1
"5,6,2020",79.7265,81.7976,79.6969,81.736,2.0095,137250200,79.61622857,0
"8,6,2020",81.4278,82.2538,80.7053,82.2192,0.7914,95407900,80.15197143,0
"9,6,2020",81.8938,85.215,81.8617,84.8156,2.9218,147712364,81.06954286,0
"10,6,2020",85.7796,87.4735,85.3334,86.9977,1.2181,165423144,82.16112857,0
"11,6,2020",86.1273,86.5588,82.7173,82.8209,-3.3064,198270700,82.60354286,1
"12,6,2020",84.9956,85.755,82.4074,83.5359,-1.4597,200146052,83.0854,1
"15,06,2020",82.1675,85.2323,82.0023,84.569,2.4015,138808920,83.81347143,0
"16,06,2020",86.6574,87.0864,84.9956,86.8103,0.1529,164436052,84.53837143,0
"17,06,2020",87.5672,87.6289,86.5662,86.6895,-0.8777,114406504,85.17698571,1
"18,06,2020",86.6451,87.1481,86.1051,86.724,0.0789,94421232,85.44961429,0
"19,06,2020",87.4402,87.9149,85.1016,86.2284,-1.2118,264475808,85.33971429,1
"22,06,2020",86.6278,88.6299,86.581,88.4844,1.8566,134038636,86.14878571,0
"23,06,2020",89.7493,91.8155,89.3228,90.3731,0.6238,212155476,87.12552857,0
"24,06,2020",89.9959,90.9304,88.3981,88.7779,-1.218,190982340,87.7268,1
"25,06,2020",88.9357,89.9959,88.1639,89.9564,1.0207,137522512,88.17624286,0
"26,06,2020",89.8504,90.0748,87.042,87.1924,-2.658,205256844,88.24808571,1
"29,06,2020",87.0987,89.299,86.613,89.2019,2.1032,129839052,88.60207143,0
"30,06,2020",88.7828,90.2375,88.7631,89.9466,1.1638,139190968,89.13324286,0
"1,7,2020",90.0255,90.5778,89.7271,89.7764,-0.2491,110761816,89.31781429,1
"2,7,2020",90.6986,91.3446,89.6605,89.7764,-0.9222,115258064,89.23257143,1
"6,7,2020",91.2287,92.6538,91.1966,92.178,0.9493,118983744,89.7183,0
"7,7,2020",92.5626,93.3541,91.7785,91.892,-0.6706,112827996,89.99481429,1
"8,7,2020",92.8856,94.0642,92.7968,94.0321,1.1465,117097916,90.97191429,0
"9,7,2020",94.9395,94.9937,93.3713,94.3675,-0.572,125681428,91.70985714,1
"10,7,2020",94.0247,94.6609,93.4036,94.6017,0.577,90257320,92.37487143,0
"13,07,2020",95.9282,98.5812,93.9483,94.1653,-1.7629,191652316,93.00185714,1
"14,07,2020",93.5365,95.9183,92.5873,95.7236,2.1871,170992476,93.85145714,0
"15,07,2020",97.6295,97.8835,95.1639,96.3819,-1.2476,153227496,94.45201429,1
"16,07,2020",95.2354,96.0663,94.5869,95.1959,-0.0395,110583708,94.924,1
"17,07,2020",95.6545,95.8123,94.5228,95.0036,-0.6509,92187020,95.06278571,1
"20,07,2020",95.0911,97.1462,94.7422,97.0057,1.9146,90318028,95.43967143,0
"21,07,2020",97.8095,97.8859,95.4129,95.6669,-2.1426,103648916,95.59184286,1
"22,07,2020",95.3636,96.6284,95.2748,95.9356,0.572,89006628,95.84474286,0
"23,07,2020",95.6652,95.7433,90.7452,91.569,-4.0962,197004432,95.25122857,1
"24,07,2020",89.737,91.6922,87.9198,91.3421,1.6051,185438864,94.53125714,0
"27,07,2020",92.4221,93.6006,92.1952,93.5069,1.0848,117879876,94.28997143,0
"28,07,2020",93.0705,93.2502,91.9659,91.9709,-1.0996,101245172,93.85672857,1
"29,07,2020",92.4615,93.9212,92.4245,93.7338,1.2723,87272372,93.38931429,0
"30,07,2020",92.893,94.974,92.4788,94.868,1.975,126407408,93.27518571,0
"31,07,2020",101.4697,104.9525,99.4393,104.7996,3.3299,374295468,94.54147143,0
"3,8,2020",106.7129,110.1021,106.4096,107.4403,0.7274,307269208,96.8088,0
"4,8,2020",107.6326,109.2673,106.8978,108.1578,0.5252,172792368,99.21104286,0
"5,8,2020",107.8742,108.8753,107.4008,108.5498,0.6756,120102788,101.3600286,0
"6,8,2020",108.8876,112.84,108.2885,112.337,3.4494,202428900,104.2694714,0
"7,8,2020",111.8551,112.3195,108.9774,109.7876,-2.0675,198045612,106.5628714,1
"10,8,2020",111.2573,112.4183,108.6883,111.3833,0.126,212403424,108.9222,0
"11,8,2020",110.6336,111.1412,107.8057,108.0708,-2.5628,185915844,109.3895143,1
"12,8,2020",109.1799,111.9243,108.9823,111.6624,2.4825,164514552,109.9926714,0
"13,08,2020",113.0655,114.6588,112.569,113.6386,0.5731,201950304,110.7756429,0
"14,08,2020",113.4595,113.6287,111.697,113.5373,0.0778,165565208,111.4881429,0
"17,08,2020",114.6785,114.7033,112.6036,113.2409,-1.4376,117725656,111.6172714,1
"18,08,2020",112.9889,114.6168,112.6481,114.1845,1.1956,104095732,112.2454,0
"19,08,2020",114.6002,115.7654,114.2314,114.3278,-0.2724,144547048,112.6660429,1
"20,08,2020",114.3698,116.9803,114.3533,116.8647,2.4949,125313344,113.9223143,0
"21,08,2020",117.8404,123.379,117.828,122.887,5.0466,338054640,115.5258286,0
"24,08,2020",127.1629,127.2493,122.4584,124.3568,-2.8061,343339388,117.057,1
"25,08,2020",123.2106,123.6866,121.5852,123.3366,0.126,208941716,118.4569,0
"26,08,2020",124.6745,125.4782,123.591,125.0138,0.3393,161004836,120.1387429,0
"27,08,2020",125.6264,125.9648,122.3559,123.5194,-2.107,154146696,121.4723,1
"28,08,2020",124.5099,124.9348,123.092,123.3193,-1.1906,187629916,122.7568,1
"31,08,2020",126.0587,129.4379,124.4976,127.5013,1.4426,223505733,124.2763143,0
"1,9,2020",131.1769,133.1926,128.9735,132.58,1.4031,150698946,125.6610286,0
"2,9,2020",135.9494,136.3347,125.4856,129.8332,-6.1162,198233370,126.4433714,1
"3,9,2020",125.3967,127.3037,119.0631,119.4386,-5.9581,250623616,125.8865143,1
"4,9,2020",118.6383,122.225,109.5677,119.5176,0.8793,332607163,125.1013429,0
"8,9,2020",112.5912,117.5711,111.3364,111.4747,-1.1165,226149287,123.3806714,1
"9,9,2020",115.8618,117.7194,113.8856,115.9211,0.0593,172144189,122.3237857,0
"10,9,2020",118.9248,119.0631,111.1585,112.1367,-6.7881,182274391,120.1288429,1
"11,9,2020",113.2038,113.856,108.6883,110.6645,-2.5393,180860325,116.9980571,1
"14,09,2020",113.3521,114.5476,111.455,113.9795,0.6274,138248838,114.7332429,0
"15,09,2020",116.919,117.4121,112.2553,114.1623,-2.7567,182985051,113.9794857,1
"16,09,2020",113.856,114.6168,110.704,110.7929,-3.0631,153804096,112.7331,1
"17,09,2020",108.4117,110.8621,107.4137,109.0243,0.6126,176909480,112.3830429,0
"18,09,2020",109.0836,109.5578,104.825,105.566,-3.5176,284477372,110.9037429,1
"21,09,2020",103.2934,108.8761,101.8706,108.7674,5.474,193321297,110.4224143,0
"22,09,2020",111.3364,111.5142,107.8584,110.4768,-0.8596,181592150,110.3956,1
"23,09,2020",110.289,110.7732,105.4969,105.8427,-4.4463,148510882,109.2332,1
"24,09,2020",103.9159,108.9354,103.748,106.9296,3.0137,167743349,108.1999571,0
"25,09,2020",107.1371,111.0992,106.3861,110.9412,3.8041,149981441,108.2211429,0
"28,09,2020",113.6386,113.9449,111.4352,113.5892,-0.0494,136441425,108.8732714,1
"29,09,2020",113.1841,113.935,112.2158,112.7296,-0.4545,98636389,109.8966429,1
"30,09,2020",112.4331,115.8618,112.2652,114.4291,1.996,141667323,110.7054571,0
"1,10,2020",116.2372,116.3163,114.4488,115.3974,-0.8398,114958231,111.4084,1
"2,10,2020",111.5439,113.9943,110.8819,111.6723,0.1284,144711986,112.2412,0
"5,10,2020",112.5517,115.259,112.196,115.1108,2.5591,105392594,113.4099429,0
"6,10,2020",114.3204,114.7354,110.9115,111.8107,-2.5097,159519440,113.5341571,1
"7,10,2020",113.2532,114.1722,112.7691,113.7078,0.4546,96135446,113.5511,0
"8,10,2020",114.8638,115.012,113.2237,113.5991,-1.2647,82322071,113.6753143,1
"9,10,2020",113.9054,115.6049,113.5497,115.5752,1.6698,100506865,113.8390429,0
"12,10,2020",118.6284,123.6873,117.8621,122.9166,4.2882,236262242,114.9132143,0
"13,10,2020",123.7763,123.8948,118.2233,119.656,-4.1203,260497701,116.0537429,1
"14,10,2020",119.5572,121.563,118.1936,119.7449,0.1877,150268765,116.7157571,0
"15,10,2020",117.3044,119.7548,116.7412,119.2706,1.9662,111278956,117.7814571,0
"16,10,2020",119.8338,120.0986,117.3933,117.6008,-2.233,115393808,118.3376,1
"19,10,2020",118.5296,118.9831,114.2808,114.597,-3.9326,119366165,118.4801571,1
"20,10,2020",114.8144,117.5613,114.2512,116.1088,1.2944,124423728,118.5563857,0
"21,10,2020",115.2788,117.2895,115.0614,115.4764,0.1976,89945980,117.4935,0
"22,10,2020",116.0495,116.6325,113.2236,114.3698,-1.6797,101354341,116.7383286,1
"23,10,2020",115.0021,115.1602,112.9173,113.6682,-1.3339,82572645,115.8702286,1
"26,10,2020",112.6505,115.1602,111.534,113.6781,1.0276,109974392,115.0713,0
"27,10,2020",114.1129,115.8815,113.1741,115.2096,1.0967,90967291,114.7297,0
"28,10,2020",113.6781,114.0536,109.7752,109.874,-3.8041,142355296,114.0549857,1
"29,10,2020",111.0301,115.5357,110.8621,113.9449,2.9148,146129173,113.7458571,0
"30,10,2020",109.7357,110.6546,106.4355,107.5619,-2.1738,190573476,112.6152143,1
"2,11,2020",107.809,109.3602,106.0403,107.473,-0.336,122866899,111.6299571,1
"3,11,2020",108.3524,110.1606,107.4335,109.1231,0.7707,107624448,110.9806571,0
"4,11,2020",112.779,114.2117,111.0103,113.5793,0.8003,138235482,110.9665429,0
"5,11,2020",116.5435,118.1936,115.475,117.6107,1.0672,125201932,111.3095571,0
"6,11,2020",117.1111,117.9821,114.9434,117.4773,0.3662,114457922,112.3957429,0
"9,11,2020",119.2688,120.7436,114.8642,115.1315,-4.1373,154515315,112.5652571,1
"10,11,2020",114.3694,116.3885,112.9639,114.7851,0.4157,133345001,113.5971429,0
"11,11,2020",115.9926,118.4077,115.2503,118.2691,2.2765,112294954,115.1394429,0
"12,11,2020",118.3978,119.2985,117.3585,117.992,-0.4058,103350674,116.4064286,1
"13,11,2020",118.2196,118.4489,116.6657,118.0414,-0.1782,81688586,117.0438714,1
"16,11,2020",117.7049,119.7538,116.9388,119.0708,1.3659,91183018,117.2524571,0
"17,11,2020",118.3285,119.4411,117.7445,118.1701,-0.1584,74270973,117.3514286,1
"18,11,2020",117.3981,118.5957,116.7943,116.824,-0.5741,76322111,117.5932143,1
"19,11,2020",116.3885,117.8435,115.6165,117.4278,1.0393,74112972,117.9707429,0
"20,11,2020",117.4278,117.5565,116.0916,116.1411,-1.2867,71568288,117.6667429,1
"23,11,2020",115.9827,116.4184,112.5877,112.6867,-3.296,125934410,116.9088429,1
"24,11,2020",112.7461,114.6663,111.4396,113.9932,1.2471,113226248,116.3305286,0
"25,11,2020",114.3694,115.5571,113.9932,114.8445,0.4751,76499234,115.7267714,0
"27,11,2020",115.3789,116.2895,115.0325,115.3987,0.0198,46691331,115.3308571,0
"30,11,2020",115.7748,119.734,115.6165,117.8336,2.0588,169410176,115.4750857,0
"1,12,2020",119.7736,122.2077,118.7838,121.4661,1.6925,125920963,116.0519857,0
"2,12,2020",120.7732,122.1095,119.6548,121.8224,1.0492,89004195,116.8636,0
"3,12,2020",122.2579,122.5153,120.9613,121.6838,-0.5741,78967630,118.1489,1
"4,12,2020",121.3473,121.6055,120.2784,121.0009,-0.3464,78260421,119.15,1
"7,12,2020",121.0603,123.2972,121.0009,122.4856,1.4253,86711990,120.2415857,0
"8,12,2020",123.0992,123.703,121.8323,123.1091,0.0099,82225512,121.3430714,0
"9,12,2020",123.2576,124.6631,119.7637,120.5357,-2.7219,115089193,121.7290857,1
"10,12,2020",119.2688,122.6043,118.9224,121.9808,2.712,81312170,121.8026143,0
"11,12,2020",121.1791,121.5057,119.3183,121.1593,-0.0198,86939786,121.7078857,1
"14,12,2020",121.3473,122.0897,120.2982,120.5357,-0.8116,79075988,121.5438714,1
"15,12,2020",123.0695,126.5932,122.8617,126.5734,3.5039,157572262,122.3399429,0
"16,12,2020",126.1082,127.0584,125.2669,126.5041,0.3959,98208591,122.9140143,0
"17,12,2020",127.583,128.256,126.7367,127.385,-0.198,94359811,123.5248571,1
"18,12,2020",127.6423,127.7809,124.8314,125.3609,-2.2814,192541496,124.2141714,1
"21,12,2020",123.7426,126.999,122.1876,126.9198,3.1772,121251553,124.9197429,0
"22,12,2020",130.2653,133.0317,128.3253,130.5325,0.2672,169351825,126.2587714,0
"23,12,2020",130.8096,131.0769,129.4437,129.6219,-1.1877,87689496,127.5568,1
"24,12,2020",129.9782,132.0964,129.7605,130.6216,0.6434,54930064,128.1351143,0
"28,12,2020",132.6209,135.9367,132.1458,135.2934,2.6725,124486237,129.3907286,0
"29,12,2020",136.6395,137.3709,132.9683,133.492,-3.1475,120520930,130.2631571,1
"30,12,2020",134.1947,134.6005,132.037,132.3537,-1.841,96452124,131.2621286,1
"31,12,2020",132.71,133.3633,130.3741,131.3342,-1.3758,99116586,131.8927571,1
"4,1,2021",132.1557,132.2464,125.4648,128.0877,-4.068,143301887,131.5435,1
"5,1,2021",127.5731,130.3939,127.1178,129.6714,2.0983,96942904,131.5505714,0
"6,1,2021",126.415,129.7109,125.0907,125.3065,-1.1085,155087970,130.7912714,1
"7,1,2021",127.0485,130.2851,126.5536,129.5823,2.5338,108247276,129.9754,0
"8,1,2021",131.0769,131.2748,128.8994,130.7008,-0.3761,105158245,129.5766571,1
"11,1,2021",127.87,128.84,127.187,127.6621,-0.2079,100620880,128.9064286,1
"12,1,2021",127.187,128.3649,125.5638,127.484,0.297,90440255,128.3564,0
"13,01,2021",127.4444,130.1069,127.1771,129.5526,2.1082,88172900,128.5656714,0
"14,01,2021",129.4635,129.6615,127.4444,127.5928,-1.8707,90221755,128.2687286,1
"15,01,2021",127.4642,128.8936,125.7024,125.8409,-1.6233,111598531,128.3450714,1
"19,01,2021",126.4744,127.3949,125.641,126.5239,0.0495,89857877,127.9081571,0
"20,01,2021",127.3454,131.1363,127.2365,130.681,3.3356,103818252,127.9053286,0
"21,01,2021",132.4329,138.2429,132.225,135.4715,3.0386,120529544,129.0209571,0
"22,01,2021",134.8875,138.4211,133.6404,137.649,2.7615,114459360,130.4731,0
"25,01,2021",141.6082,143.6075,135.1449,141.4597,-0.1485,156955243,132.1741143,1
"26,01,2021",142.1328,142.8256,139.9255,141.6972,-0.4356,98390555,134.1890286,1
"27,01,2021",141.9645,142.8256,138.9753,140.6085,-1.356,140843759,136.2986857,1
"28,01,2021",138.0944,140.5392,135.3033,135.6893,-2.4051,140350959,137.6080286,1
"29,01,2021",134.4421,135.3428,128.8796,130.6117,-3.8304,177523812,137.5981286,1
"1,2,2021",132.3834,133.9967,129.5922,132.7694,0.386,105920089,137.2121143,0
"2,2,2021",134.3432,134.9172,133.2346,133.6107,-0.7325,82321579,136.6352143,1
"3,2,2021",134.3729,134.3828,132.2448,132.5715,-1.8014,89880937,135.3654714,1
"4,2,2021",134.9073,135.9961,133.2148,135.9862,1.0789,84183061,134.5496143,0
"5,2,2021",136.1504,136.2198,134.6734,135.5655,-0.5849,75693830,133.8291857,1
"8,2,2021",134.8419,135.7638,133.7416,135.7142,0.8723,71137698,133.8327429,0
"9,2,2021",135.4268,136.6728,134.6635,134.8221,-0.6047,76774213,134.4342286,1
"10,2,2021",135.288,135.7935,133.2262,134.2075,-1.0805,72647988,134.6396714,1
"11,2,2021",134.7131,135.1988,132.6017,133.9498,-0.7633,63734349,134.6881143,1
"12,2,2021",133.1766,134.3463,132.5244,134.1877,1.0111,60145130,134.919,0
"16,02,2021",134.3066,134.8221,131.6302,132.0267,-2.2799,80576316,134.3533571,1
"17,02,2021",130.1037,131.0652,128.3392,129.6973,-0.4064,98085249,133.5150429,1
"18,02,2021",128.0716,128.8596,126.2972,128.5771,0.5055,96856748,132.4954571,0
"19,02,2021",129.1025,129.5684,127.6751,128.7357,-0.3668,87668834,131.6259714,1
"22,02,2021",126.892,128.587,124.503,124.8995,-1.9925,103916419,130.2962571,1
"23,02,2021",122.6791,125.6033,117.356,124.7607,2.0816,158273022,128.9835286,0
"24,02,2021",123.8488,124.4634,121.1625,124.2552,0.4064,111039904,127.5646,0
"25,02,2021",123.5911,125.354,119.4872,119.9333,-3.6578,148199540,125.8369714,1
"26,02,2021",121.5193,123.7596,120.1414,120.2009,-1.3184,164560394,124.4803429,1
"1,3,2021",122.6692,126.8127,121.7176,126.6739,4.0047,116307892,124.2084571,0
"2,3,2021",127.2885,127.5958,123.9182,124.0272,-3.2613,102260945,123.5358143,1
"3,3,2021",123.7199,124.6121,120.7759,120.9939,-2.726,111513849,122.9778714,1
"4,3,2021",120.6866,122.5205,117.584,119.0808,-1.6058,178154975,122.1664571,1
"5,3,2021",119.9234,120.87,116.5432,120.3595,0.4361,153766601,121.6099286,0
"8,3,2021",119.8738,119.9432,115.195,115.3437,-4.5301,154376610,120.9542714,1
"9,3,2021",117.9904,120.9939,117.7525,120.0275,2.0371,129525780,120.9295,0
"10,3,2021",120.6272,121.103,118.4067,118.9321,-1.6951,111943326,119.8235286,1
"11,3,2021",121.4697,122.1339,120.2009,120.8948,-0.5749,103026514,119.3760429,1
"12,3,2021",119.3484,120.1117,118.1193,119.9729,0.6245,88105050,119.2301857,0
"15,03,2021",120.3496,122.917,119.3683,122.9071,2.5575,91641641,119.7768,0
"16,03,2021",124.6021,126.1089,123.6257,124.4733,-0.1288,114737887,120.3644857,1
"17,03,2021",122.9666,124.7606,121.2675,123.6704,0.7038,111434831,121.5540143,0
"18,03,2021",121.8068,122.1042,119.2691,119.4773,-2.3295,121469755,121.4754143,1
"19,03,2021",118.8528,120.3694,118.6298,118.942,0.0892,185549522,121.4768286,0
"22,03,2021",119.279,122.7881,119.2097,122.3123,3.0333,111912284,121.6793286,0
"23,03,2021",122.2528,123.1549,121.0732,121.4697,-0.7831,95243836,121.8931571,1
"24,03,2021",121.7473,121.8266,119.0164,119.0411,-2.7062,87949436,121.3408714,1
"25,03,2021",118.4959,120.5974,117.9607,119.5368,1.0409,98844681,120.6356571,0
"26,03,2021",119.2989,120.419,117.8814,120.1514,0.8525,94071234,120.1329429,0
"29,03,2021",120.5875,121.5094,119.6755,120.3298,-0.2577,80819203,120.2547286,1
"30,03,2021",119.061,119.3515,117.8219,118.8528,-0.2082,84778972,120.2419857,1
"31,03,2021",120.5875,122.4412,120.0919,121.0831,0.4956,118323826,120.0663857,0
"1,4,2021",122.58,123.0954,121.4202,121.9257,-0.6543,75089134,120.1315286,1
"5,4,2021",122.7881,125.0582,121.9951,124.8004,2.0123,87551744,120.9542857,0
"6,4,2021",125.3952,126.0197,124.5526,125.1077,-0.2875,80171253,121.7501286,1
"7,4,2021",124.731,126.8028,124.047,126.7829,2.0519,83466716,122.6974857,0
"8,4,2021",127.8238,129.2512,127.3975,129.2214,1.3976,88844591,123.9677143,0
"9,4,2021",128.6663,131.878,128.3392,131.8334,3.1671,106686703,125.8220857,0
"12,4,2021",131.3626,131.6897,129.4891,130.0938,-1.2688,91419983,127.1093286,1
"13,04,2021",131.2833,133.4839,130.7777,133.2559,1.9726,91266545,128.7279286,0
"14,04,2021",133.7614,133.8209,130.5051,130.8769,-2.8845,87222782,129.596,1
"15,04,2021",132.6512,133.8209,132.4728,133.3253,0.6741,89347102,130.7699429,0
"16,04,2021",133.127,133.4938,132.1159,132.9883,-0.1387,84922386,131.6564286,1
"19,04,2021",132.3439,134.2868,132.1754,133.6623,1.3184,94264215,132.2908429,0
"20,04,2021",133.8407,134.3463,130.6588,131.9474,-1.8933,94812349,132.3071286,1
"21,04,2021",131.204,132.5818,130.1533,132.334,1.13,68847136,132.6271571,0
"22,04,2021",131.878,132.9783,130.2623,130.7876,-1.0904,84566456,132.2745429,1
"23,04,2021",131.0057,133.9399,131.0057,133.1469,2.1412,78756779,132.5988286,0
"26,04,2021",133.6524,133.8804,132.3935,133.5434,-0.109,65335049,132.6299857,1
"27,04,2021",133.8308,134.2273,132.9387,133.2162,-0.6146,66015804,132.6625429,1
"28,04,2021",133.1369,133.8407,131.9177,132.4133,-0.7236,107760097,132.4841143,1
"29,04,2021",135.2781,135.8728,131.2932,132.3142,-2.9639,151100953,132.5365143,1
"30,04,2021",130.629,132.3935,129.9203,130.3118,-0.3172,109839466,132.2476286,1
"3,5,2021",130.8868,132.899,130.6786,131.3824,0.4956,75135100,132.3326,0
"4,5,2021",130.0442,130.3415,125.5934,126.7334,-3.3108,137564718,131.4163857,1
"5,5,2021",128.0716,129.3107,126.8523,126.9812,-1.0904,84000900,130.4789286,1
"6,5,2021",126.773,128.6168,126.0197,128.6069,1.8339,78128334,129.8204571,0
"7,5,2021",129.9263,130.3316,128.561,129.2908,-0.6355,78973273,129.3743857,1
"10,5,2021",128.4965,128.6256,125.9148,125.9546,-2.5419,87457656,128.4658714,1
"11,5,2021",122.6282,125.3786,121.9034,125.0212,2.393,125668247,127.7100714,0
"12,5,2021",122.5289,123.7602,121.387,121.9034,-0.6255,112172282,126.3559286,1
"13,05,2021",123.7006,125.2595,123.3828,124.0878,0.3872,105861339,125.9779857,0
"14,05,2021",125.3588,126.9872,124.9616,126.5503,1.1915,81163792,125.9164286,0
"17,05,2021",125.9248,126.034,124.2864,125.3786,-0.5462,73810407,125.4552429,1
"18,05,2021",125.6666,126.0936,123.8992,123.9687,-1.6979,62455311,124.6949429,1
"19,05,2021",122.2906,124.0332,121.9927,123.8098,1.5192,90595813,124.3885429,0
"20,05,2021",124.346,126.8184,124.2169,126.4113,2.0653,76857123,124.5871286,0
"21,05,2021",126.9177,127.0964,124.3261,124.5446,-2.3731,79295436,124.9644429,1
"24,05,2021",125.1205,127.0369,125.051,126.2028,1.0823,62823701,125.2665857,0
"25,05,2021",126.9177,127.4142,125.4283,126.0042,-0.9135,72009482,125.1885714,1
"26,05,2021",126.0588,126.4907,125.5276,125.9546,-0.1042,54464024,125.2708571,1
"27,05,2021",125.5474,126.739,124.197,124.3956,-1.1518,93505088,125.3318429,1
"28,05,2021",124.6836,124.912,123.6708,123.7304,-0.9532,71311109,125.3205,1
"1,6,2021",124.197,124.4651,123.0651,123.4027,-0.7943,67637118,124.8907,1
"2,6,2021",123.4027,124.3559,123.1743,124.1772,0.7745,58847659,124.8382143,0
"3,6,2021",123.7999,123.9687,122.2608,122.6679,-1.132,75331115,124.3332286,1
"4,6,2021",123.1942,125.2694,122.9757,125.0013,1.8071,74505841,124.1899571,0
"7,6,2021",125.2794,125.4283,123.9509,125.0113,-0.2681,70340619,124.0552,1
"8,6,2021",125.7063,127.5532,125.3192,125.8453,0.139,74403774,124.2623,0
"9,6,2021",126.312,126.8482,125.6269,126.2326,-0.0794,55584187,124.6197571,1
"10,6,2021",126.1234,127.2851,125.051,125.2198,-0.9036,70606505,124.8793429,1
"11,6,2021",125.6368,126.5404,125.2098,126.451,0.8142,52839952,125.2041714,0
"14,06,2021",126.9177,129.6185,126.173,129.5589,2.6412,96906490,126.1886,0
"15,06,2021",129.0227,129.6781,128.4766,128.7249,-0.2978,62273981,126.7205429,1
"16,06,2021",129.4497,129.966,127.5542,129.2313,-0.2184,91339351,127.3234,1
"17,06,2021",128.8837,131.6143,128.7348,130.8597,1.976,96721669,128.0397429,0
"18,06,2021",129.7873,130.5817,129.3206,129.5391,-0.2482,108953309,128.5121,1
"21,06,2021",129.3802,131.4753,128.2979,131.3661,1.9859,79421396,129.3901429,0
"22,06,2021",131.1973,133.1335,130.6909,133.0342,1.8369,74475383,130.3306,0
"23,06,2021",132.8257,133.3718,132.2895,132.7562,-0.0695,60214200,130.7873571,1
"24,06,2021",133.5009,133.6896,131.9916,132.4682,-1.0327,68359872,131.3221143,1
"25,06,2021",132.5179,132.9449,131.8725,132.1704,-0.3475,70783746,131.7419857,1
"28,06,2021",132.4682,134.2903,132.4087,133.8286,1.3604,61910976,132.1661143,0
"29,06,2021",133.8484,135.5265,133.4016,135.3676,1.5192,63671672,132.9987571,0
"30,06,2021",135.2088,136.44,134.9109,135.9932,0.7844,63261393,133.6597714,0
"1,7,2021",135.6357,136.3606,134.8017,136.301,0.6653,52485781,134.1264571,0
"2,7,2021",136.9265,139.0117,136.7726,138.972,2.0455,78945572,135.0144286,0
"6,7,2021",139.0812,142.1395,139.0812,141.0175,1.9363,108058862,136.2357571,0
"7,7,2021",142.5218,143.8672,141.6529,143.5495,1.0277,104465976,137.8613429,0
"8,7,2021",140.5806,143.0431,139.672,142.2289,1.6483,105317116,139.0613857,0
"9,7,2021",141.7423,144.6218,141.6452,144.0857,2.3434,99890800,140.3068286,0
"12,7,2021",145.1779,145.2871,142.9835,143.48,-1.6979,76299719,141.3763714,1
"13,07,2021",143.0133,146.4191,142.6161,144.6119,1.5986,100827099,142.5636429,0
"14,07,2021",147.0545,148.5142,146.6375,148.0971,1.0426,127050785,143.8672286,0
"15,07,2021",148.1865,148.9411,146.0517,147.4319,-0.7546,106820297,144.7835714,1
"16,07,2021",147.412,148.7028,144.8502,145.3566,-2.0554,92858286,145.0417286,1
"19,07,2021",142.7353,143.053,140.6699,141.4444,-1.2909,121434571,144.9296571,1
"20,07,2021",142.4473,146.0613,141.9508,145.1183,2.671,95244324,145.0771714,0
"21,07,2021",144.5027,145.0985,143.609,144.3736,-0.1291,74993460,145.2048286,1
"22,07,2021",144.9048,147.1489,144.7807,145.7637,0.8589,77338156,145.3693714,0
"23,07,2021",146.5084,147.6679,145.8829,147.5113,1.0029,71447416,145.2856857,0
"26,07,2021",147.2233,148.7723,146.6574,147.9383,0.715,71514639,145.3580286,0
"27,07,2021",148.0673,148.1567,144.5225,145.7339,-2.3334,98534796,145.4119286,1
"28,07,2021",143.7878,145.9325,141.5338,143.9566,0.1688,118931191,145.7708143,0
"29,07,2021",143.6637,145.5155,143.5594,144.6119,0.9482,56699475,145.6984714,0
"30,07,2021",143.3608,145.297,143.0927,144.8304,1.4696,70440626,145.7637286,0
"2,8,2021",145.3268,145.9127,144.2247,144.4928,-0.834,62738871,145.5821714,1
"3,8,2021",144.7807,146.9999,144.1552,146.3198,1.5391,64786618,145.4119571,0
"4,8,2021",146.2304,146.7467,145.2474,145.9127,-0.3177,56368271,145.1225857,1
"5,8,2021",145.9425,146.7964,145.1382,146.0219,0.0794,46397674,145.1637286,0
"6,8,2021",145.5357,146.2914,144.8197,145.3268,-0.2089,54126813,145.3594714,1
"9,8,2021",145.3865,145.8837,144.7103,145.2771,-0.1094,48908689,145.4545,1
"10,8,2021",145.6252,146.8881,144.4915,144.7898,-0.8354,69023081,145.4487,1
"11,8,2021",145.2373,145.9036,144.7202,145.0484,-0.1889,48493463,145.5280714,1
"12,8,2021",145.3765,148.2206,145.0285,148.0615,2.685,73779113,145.7768857,0
"13,08,2021",148.1411,148.6128,147.445,148.2704,0.1293,59375009,146.1137,0
"16,08,2021",147.7085,150.3487,145.655,150.2791,2.5706,103558782,146.7218714,0
"17,08,2021",149.3941,150.836,148.2604,149.3543,-0.0398,91713192,147.2972286,1
"18,08,2021",148.9665,149.8813,145.3368,145.5456,-3.4209,84585569,147.3355857,1
"19,08,2021",144.223,147.1765,143.696,145.8837,1.6607,85916703,147.4918571,0
"20,08,2021",146.6196,147.6737,145.9633,147.3654,0.7458,59545586,147.8228571,0
"23,08,2021",147.4848,149.3543,147.0671,148.877,1.3922,59080596,147.9393571,0
"24,08,2021",148.6184,150.0206,148.3201,148.7875,0.1691,48483941,148.0132286,0
"25,08,2021",148.9764,149.4836,146.9776,147.5345,-1.4419,58871490,147.6211429,1
"26,08,2021",147.5245,148.2902,146.6892,146.719,-0.8055,48242838,147.2446714,1
"27,08,2021",146.6594,147.9223,146.013,147.7731,1.1137,55130670,147.5628857,0
"30,08,2021",148.1709,152.6359,147.7831,152.268,4.0971,90935977,148.4749286,0
"31,08,2021",151.8105,151.9498,150.4482,150.9852,-0.8253,86333932,148.9920429,1
"1,9,2021",151.9796,154.1176,151.4923,151.6614,-0.3182,79894928,149.3898143,1
"2,9,2021",153.0138,153.8591,151.552,152.795,-0.2188,70831215,149.9623143,1
"3,9,2021",152.9044,153.7696,152.2382,153.4414,0.537,57866066,150.8061571,0
"7,9,2021",154.1077,156.385,153.5309,155.8181,1.7104,81667653,152.1060286,0
"8,9,2021",156.1065,156.1662,153.1182,154.2469,-1.8596,74099374,153.0308571,1
"9,9,2021",154.6248,155.2414,153.0934,153.2127,-1.4121,56205329,153.1658143,1
"10,9,2021",154.1375,154.6149,147.8726,148.1411,-5.9964,140155940,152.7595143,1
"13,09,2021",149.7918,150.5774,147.9223,148.7179,-1.0739,95129792,152.3390143,1
"14,09,2021",149.5134,150.2294,146.0925,147.2958,-2.2176,109038136,151.5534143,1
"15,09,2021",147.7334,148.6085,145.5555,148.2007,0.4673,81629656,150.8047429,0
"16,09,2021",147.614,148.1411,146.4018,147.9621,0.3481,67882103,149.6824571,0
"17,09,2021",147.9919,147.9919,144.9489,145.2473,-2.7446,129814894,148.3968,1
"20,09,2021",142.9998,144.0341,140.4839,142.1446,-0.8552,123039667,146.8156429,1
"21,09,2021",143.1291,143.7954,141.9855,142.6319,-0.4972,75167095,146.0286143,1
"22,09,2021",143.6462,145.6152,142.9005,145.0384,1.3922,75476410,145.5029714,0
"23,09,2021",145.834,146.2616,144.8296,146.013,0.179,64589748,145.3197143,0
"24,09,2021",144.8495,146.6495,144.7501,146.1025,1.253,53194322,145.0199714,0
"27,09,2021",144.6606,145.1478,143.0197,144.5611,-0.0995,74131810,144.5341143,1
"28,09,2021",142.4529,143.9446,140.9016,141.1204,-1.3325,108444422,143.9445571,1
"29,09,2021",141.6772,143.6462,141.2397,142.0352,0.358,74299723,143.9289286,0
"30,09,2021",142.8606,143.5746,140.4939,140.7126,-2.148,88765409,143.6547429,1
"1,10,2021",141.1104,142.1247,138.336,141.8562,0.7458,93898379,143.2001429,0
"4,10,2021",140.9712,141.4187,137.5006,138.3658,-2.6054,97898428,142.1076857,1
"5,10,2021",138.7138,141.4485,138.5846,140.3248,1.611,80568717,141.2823,0
"6,10,2021",138.6939,141.359,137.6001,141.2099,2.516,82621764,140.8035571,0
"7,10,2021",142.264,143.4125,141.9259,142.4927,0.2287,61405239,140.9996,0
"8,10,2021",143.2286,143.3758,141.7667,142.1049,-1.1237,58566686,141.0095571,1
"11,10,2021",141.4784,144.0042,141.0209,142.0154,0.537,64254640,141.1956714,0
"12,10,2021",142.433,142.4529,140.2553,140.7226,-1.7104,71977582,141.0337286,1
"13,10,2021",140.4491,140.6132,138.4254,140.1259,-0.3232,77572276,141.2851714,1
"14,10,2021",141.3193,143.0794,140.7226,142.9601,1.6408,67204566,141.6616429,0
"15,10,2021",142.97,144.0888,142.7115,144.0341,1.0641,67681353,142.0651,0
"18,10,2021",142.6468,146.0229,142.3634,145.7345,3.0877,82914914,142.5282143,0
"19,10,2021",146.192,148.34,145.7345,147.9322,1.7402,74778881,143.3606857,0
"20,10,2021",147.8726,148.9206,147.2958,148.4295,0.5569,58085532,144.2769857,0
"21,10,2021",147.982,148.8074,147.0472,148.6482,0.6662,61247633,145.4092143,0
"22,10,2021",148.8571,149.3443,147.8129,147.8626,-0.9945,58703843,146.5144571,1
"25,10,2021",147.8527,148.5389,146.7997,147.8129,-0.0398,50376102,147.2077143,1
"26,10,2021",148.4991,150.0007,148.181,148.4891,-0.01,60630899,147.8441429,1
"27,10,2021",148.5289,148.8969,147.6638,148.0217,-0.5072,55786500,148.1708857,1
"28,10,2021",148.9864,152.3127,148.8869,151.721,2.7346,95522214,148.7121429,0
"29,10,2021",146.3958,149.1057,145.5981,148.9665,2.5707,120521424,148.7888571,0
"1,11,2021",148.156,148.867,146.9776,148.1311,-0.0249,73492793,148.7149857,1
"2,11,2021",147.8328,150.7266,147.8229,149.1852,1.3524,69032831,148.9039286,0
"3,11,2021",149.5532,151.1244,148.9864,150.6471,1.0939,54003704,149.3088143,0
"4,11,2021",150.7366,151.5818,149.8018,150.12,-0.6166,60056640,149.5418,1
"5,11,2021",151.2645,151.5732,149.442,150.657,-0.6075,65275966,149.9182714,1
"8,11,2021",150.7865,150.9458,149.5416,149.8205,-0.966,54753483,149.6467714,1
"9,11,2021",149.5815,150.8044,149.4421,150.1889,0.6074,56573449,149.8214,0
"10,11,2021",149.4022,149.5117,147.2411,147.3108,-2.0914,65070159,149.7042143,1
"11,11,2021",148.3466,148.8146,147.0728,147.261,-1.0856,40840550,149.4293286,1
"12,11,2021",147.8187,149.7806,146.8727,149.3723,1.5536,63245197,149.2472143,0
"15,11,2021",149.7508,151.2545,148.8146,149.3823,-0.3685,55985956,149.1418286,1
"16,11,2021",149.3225,150.8641,148.725,150.3782,1.0557,58616372,149.102,0
"17,11,2021",150.3732,154.3617,150.3682,152.8579,2.4847,88107637,149.5359143,0
"18,11,2021",153.077,158.0166,152.4197,157.2199,4.1429,137214082,150.5403429,0
"19,11,2021",157.0008,160.3569,155.8882,159.8888,2.888,116744360,152.3372,0
"22,11,2021",161.0142,165.0176,160.337,160.3569,-0.6573,116197266,154.2080429,1
"23,11,2021",160.4565,161.1337,158.4051,160.7453,0.2888,95434007,155.8327571,0
"24,11,2021",160.088,161.4723,158.9826,161.2731,1.1851,69463623,157.5314429,0
"26,11,2021",158.9079,159.7892,155.7161,156.1642,-2.7437,76083252,158.3580143,1
"29,11,2021",158.7137,160.5262,158.1362,159.5801,0.8664,87418284,159.3183286,0
"30,11,2021",159.3262,164.8384,159.2614,164.6193,5.2931,169984434,160.3753857,0
"1,12,2021",166.7903,169.5987,163.8524,164.0914,-2.6989,148754266,160.9757571,1
"2,12,2021",158.0813,163.5238,157.1502,163.0856,5.0043,136341329,161.3655714,0
"3,12,2021",163.3445,164.2807,159.0622,161.1735,-2.171,117715751,161.4267429,1
"6,12,2021",163.6134,167.1885,163.6035,164.6392,1.0258,106617239,161.9076143,0
"7,12,2021",168.3837,170.8734,167.6467,170.4751,2.0914,120405352,163.9520286,0
"8,12,2021",171.4162,175.2354,169.997,174.359,2.9428,116385861,166.0633,0
"9,12,2021",174.1897,176.0221,173.2038,173.8411,-0.3486,108705546,167.3807,1
"10,12,2021",174.4835,178.8903,173.9706,178.711,4.2275,112749865,169.4692143,0
"13,12,2021",180.3691,181.38,174.8071,175.0163,-5.3528,150646373,171.1736,1
"14,12,2021",174.5283,177.008,171.5008,173.6121,-0.9162,132804392,172.9505429,1
"15,12,2021",174.3889,178.7608,171.6012,178.5616,4.1727,124270351,174.9394571,0
"16,12,2021",178.5417,180.394,170.0468,171.5506,-6.9911,148691636,175.0931,1
"17,12,2021",169.2302,172.7556,168.9912,170.4352,1.205,194409928,174.5325571,0
"20,12,2021",167.587,169.8775,166.7704,169.0509,1.4639,105925359,173.8482429,0
"21,12,2021",170.8485,172.4867,168.4235,172.2776,1.4291,85114809,172.9291857,0
"22,12,2021",172.3274,175.1358,171.4411,174.9167,2.5893,90665524,172.9149571,0
"23,12,2021",175.1258,176.1216,174.5482,175.554,0.4282,68356567,173.1923714,0
"27,12,2021",176.3557,179.677,176.3408,179.5874,3.2317,73003211,173.3389143,0
"28,12,2021",179.4181,180.5833,177.7948,178.5517,-0.8664,76892695,174.3390714,1
"29,12,2021",178.5915,179.8861,177.4064,178.6413,0.0498,61073305,175.5113714,0
"30,12,2021",178.7309,179.8264,177.3566,177.4661,-1.2648,59354351,176.7135429,1
"31,12,2021",177.3516,178.4919,176.53,176.8387,-0.5129,61661433,177.3651286,1
"3,1,2022",177.0977,182.1269,176.9782,181.2605,4.1628,96490749,178.2713857,0
"4,1,2022",181.8779,182.1866,178.3824,178.96,-2.9179,92663116,178.7579571,1
"5,1,2022",178.8703,179.428,173.9208,174.1996,-4.6707,94031550,177.9882714,1
"6,1,2022",171.9888,174.5781,170.9332,171.2917,-0.6971,95415144,176.9511286,1
"7,1,2022",172.178,173.4229,170.3257,171.461,-0.717,85034450,175.9253714,1
"10,1,2022",168.3837,171.7896,167.4774,171.4809,3.0972,103822290,175.0703429,0
"11,1,2022",171.6104,174.4586,170.1165,174.359,2.7486,75937685,174.7161,0
"12,1,2022",175.3947,176.4503,174.1001,174.8071,-0.5876,72793796,173.7941857,1
"13,01,2022",175.0561,175.8926,171.0825,171.4809,-3.5752,82273231,172.7257429,1
"14,01,2022",170.6344,173.0643,170.3854,172.3573,1.7229,80440780,172.4625571,0
"18,01,2022",170.8037,171.8295,168.7074,169.1007,-1.703,90500236,172.1495571,1
"19,01,2022",169.2999,170.3755,165.2566,165.5454,-3.7545,92914792,171.3044714,1
"20,01,2022",166.2923,168.9812,163.5039,163.8325,-2.4598,91673327,170.2118429,1
"21,01,2022",163.7379,165.645,161.6316,161.7412,-1.9967,121664716,168.4093,1
"24,01,2022",159.361,161.6316,154.0629,160.9544,1.5934,161418376,166.4303429,0
"25,01,2022",158.3253,162.0897,156.3734,159.122,0.7967,112684500,164.6647857,0
"26,01,2022",162.8267,163.7124,157.1701,159.0324,-3.7943,107673206,162.7612286,1
"27,01,2022",161.781,163.1653,157.6282,158.5643,-3.2167,108389363,161.2560286,1
"28,01,2022",165.0276,169.6485,162.1296,169.6286,4.601,175205170,161.8393429,0
"31,01,2022",169.4593,174.2793,168.8119,174.0602,4.6009,114773499,163.3004429,0
"1,2,2022",173.2934,174.12,171.6004,173.8909,0.5975,85300875,165.0361143,0
"2,2,2022",174.0254,175.1557,172.6162,175.1159,1.0905,76403783,167.0591857,0
"3,2,2022",173.7615,175.5141,171.4112,172.188,-1.5735,86758023,168.9257571,1
"4,2,2022",171.1912,173.6043,170.194,171.8992,0.708,82465400,170.7638714,0
"7,2,2022",172.3678,173.4505,170.4633,171.1712,-1.1966,72835504,172.5648571,1
"8,2,2022",171.241,174.8507,170.9419,174.3322,3.0912,73442183,173.2368,0
"9,2,2022",175.5487,176.147,174.402,175.7781,0.2294,66537400,173.4822143,0
"10,2,2022",173.6442,174.9804,171.0616,171.6299,-2.0143,88016443,173.1592143,1
"11,2,2022",171.8393,172.5872,167.5615,168.1598,-3.6795,93223832,172.1654857,1
"14,02,2022",166.8935,169.0972,166.0858,168.3992,1.5057,85987949,171.6242286,0
"15,02,2022",170.4832,172.4576,169.7653,172.298,1.8148,62467548,171.6812,0
"16,02,2022",171.3607,172.8465,169.5658,172.0587,0.698,61077508,171.8079857,0
"17,02,2022",170.543,171.4205,167.9903,168.3992,-2.1438,69229966,170.9604143,1
"18,02,2022",169.3365,170.0557,165.7168,166.8237,-2.5128,82772674,169.6812143,1
"22,02,2022",164.5103,166.2154,161.6883,163.8521,-0.6582,90457637,168.5701,1
"23,02,2022",165.0687,165.6769,159.2952,159.6142,-5.4545,88340259,167.3493,1
"24,02,2022",152.1456,162.3863,151.5672,162.2766,10.131,140071076,166.4746429,0
"25,02,2022",163.3735,164.6499,160.4158,164.3806,1.0071,90836505,165.3435857,0
"28,02,2022",162.5957,164.949,161.9675,164.6499,2.0542,92550987,164.2851857,0
"1,3,2022",164.2261,166.1256,161.5088,162.7353,-1.4908,83063644,163.4760571,1
"2,3,2022",163.9219,166.8835,162.486,166.0858,2.1639,79505054,163.3706429,0
"3,3,2022",167.9903,168.4291,165.0786,165.7567,-2.2336,75286261,163.6427286,1
"4,3,2022",164.0217,165.0786,161.6385,162.7054,-1.3163,83212402,164.0843286,1
"7,3,2022",162.8949,164.5501,158.5872,158.8464,-4.0485,95869645,163.5943,1
"8,3,2022",158.3678,162.4162,155.3564,156.9917,-1.3761,129904038,162.5387429,1
"9,3,2022",161.0152,162.9447,158.9561,162.486,1.4708,90204656,162.2296143,0
"10,3,2022",159.7439,159.9333,155.5359,158.0687,-1.6752,100465687,161.5629571,1
"11,3,2022",158.4775,158.8265,154.0601,154.2894,-4.1881,95715216,159.8777571,1
"14,03,2022",151.0188,153.6812,149.6726,150.1911,-0.8277,107612320,157.6541,1
"15,03,2022",150.4703,155.1271,149.9518,154.6484,4.1781,91851992,156.5031,0
"16,03,2022",156.6028,159.5444,154.0202,159.1356,2.5328,101030439,156.5444143,0
"17,03,2022",158.1584,160.5416,157.1812,160.1627,2.0043,74392384,156.9974143,0
"18,03,2022",160.053,164.0117,159.3051,163.5131,3.4601,123247366,157.1441429,0
"21,03,2022",163.0444,165.8764,162.5509,164.9091,1.8647,89029269,158.1213429,0
"22,03,2022",165.0388,168.9376,164.4405,168.3393,3.3005,81343431,160.1284714,0
"23,03,2022",167.5117,172.1485,167.1727,169.7254,2.2137,97142423,162.9190857,0
"24,03,2022",170.5729,173.6442,169.7254,173.5744,3.0015,89638657,165.6228,0
"25,03,2022",173.3849,174.7809,172.2581,174.2225,0.8376,80281664,167.7780714,0
"28,03,2022",171.6798,175.2297,171.5103,175.1,3.4202,90059845,169.9119714,0
"29,03,2022",176.1869,178.5003,175.8379,178.4505,2.2636,97849001,172.0458857,0
"30,03,2022",178.0416,179.0986,176.1969,177.2638,-0.7778,89592832,173.8108429,1
"31,03,2022",177.3336,177.5231,173.9034,174.1128,-3.2208,99941081,174.6356286,1
"1,4,2022",173.5345,174.3821,171.4504,173.8137,0.2792,75755805,175.2196714,0
"4,4,2022",174.073,177.9818,173.9433,177.9319,3.8589,76204847,175.8421714,0
"5,4,2022",176.9946,177.7923,173.9184,174.5616,-2.433,70902999,175.8906143,1
"6,4,2022",171.8692,173.1356,169.6456,171.3408,-0.5284,88671014,175.3535857,1
"7,4,2022",170.6727,172.8664,169.3664,171.6499,0.9772,74944496,174.3820714,0
"8,4,2022",171.2909,171.2909,168.7182,169.6057,-1.6852,76189295,173.2880571,1
"11,4,2022",168.2296,168.5487,165.0288,165.2781,-2.9515,71545073,172.0259571,1
"12,4,2022",167.5416,169.3863,166.1655,167.1826,-0.359,78986591,171.0786571,1
"13,04,2022",166.9134,170.553,166.2952,169.9148,3.0014,70185112,169.9333571,0
"14,04,2022",170.1342,170.7824,164.5701,164.8194,-5.3148,75329376,168.5416143,1
"18,04,2022",163.4533,166.1241,163.1043,164.6,1.1467,67372249,167.5786429,0
"19,04,2022",164.5501,167.3422,163.4433,166.9234,2.3733,67422765,166.9034286,0
"20,04,2022",168.2795,168.3992,165.6271,166.7539,-1.5256,67718110,166.4960286,1
"21,04,2022",168.4291,171.0416,165.4376,165.9462,-2.4829,86931211,166.5914714,1
"22,04,2022",165.986,167.3919,161.0402,161.3293,-4.6567,84168799,165.7552857,1
"25,04,2022",160.6613,162.7054,158.0088,162.4162,1.7549,95355796,164.6840571,0
"26,04,2022",161.788,161.8778,156.2738,156.3536,-5.4344,94023694,163.4746571,1
"27,04,2022",155.4661,159.335,154.9376,156.1242,0.6581,87210886,162.2638286,0
"28,04,2022",158.7966,164.0466,158.4775,163.1741,4.3775,115108073,161.7282143,0
"29,04,2022",161.3792,165.7268,156.8023,157.2011,-4.1781,131145395,160.3635286,1
"2,5,2022",156.2638,157.7795,152.8336,157.5102,1.2464,122369159,159.1583857,0
"3,5,2022",157.6997,160.2524,155.8749,159.0259,1.3262,88721066,158.8293286,0
"4,5,2022",159.2154,166.006,158.8065,165.5473,6.3319,107774959,159.2766286,0
"5,5,2022",163.3835,163.6128,154.5088,156.3236,-7.0599,129696442,159.2723429,1
"6,5,2022",155.7933,159.2185,153.9658,157.0615,1.2682,115897949,159.4062429,0
"9,5,2022",154.7098,155.6135,151.2796,151.8488,-2.861,130291378,157.7883429,1
"10,5,2022",155.304,156.5223,152.7176,154.2954,-1.0086,114750399,157.3732429,1
"11,5,2022",153.2868,155.2341,145.6075,146.2965,-6.9903,141297226,155.7712857,1
"12,5,2022",142.5717,145.9969,138.6072,142.362,-0.2097,182304202,153.3907286,1
"13,05,2022",144.3892,147.8993,142.9112,146.9057,2.5165,113127950,150.7276429,0
"16,05,2022",145.3478,147.315,143.9797,145.3378,-0.01,85562821,149.1582429,1
"17,05,2022",148.6532,149.562,146.4763,149.0327,0.3795,76165406,148.0112714,0
"18,05,2022",146.646,147.1554,139.7057,140.6244,-6.0216,108921523,146.4077857,1
"19,05,2022",139.6857,141.4632,136.4103,137.1592,-2.5265,135333187,143.9597571,1
"20,05,2022",138.8968,140.5046,132.4258,137.3989,-1.4979,135716107,142.6886714,1
"23,05,2022",137.5986,143.061,137.4588,142.9112,5.3126,115753806,142.7671286,0
"24,05,2022",140.6094,141.7728,137.1392,140.165,-0.4444,103551905,141.8041714,1
"25,05,2022",138.2377,141.5881,138.1478,140.3248,2.0871,91841653,141.0880286,0
"26,05,2022",137.1992,144.1395,136.9495,143.5803,6.3811,90053257,140.3091143,0
"27,05,2022",145.188,149.4721,145.0582,149.4321,4.2441,90978503,141.5673571,0
"31,05,2022",148.8629,150.4507,146.636,148.6333,-0.2296,103318020,143.2065143,1
"1,6,2022",149.6918,151.5292,147.4749,148.5034,-1.1884,74046038,144.7928714,1
"2,6,2022",147.6247,151.0599,146.656,151,3.3753,72095989,145.9484143,0
"3,6,2022",146.6959,147.7645,144.2593,145.1781,-1.5178,87217120,146.6645714,1
"6,6,2022",146.8258,148.3625,144.6987,145.937,-0.8888,71001995,147.4663143,1
"7,6,2022",144.1445,148.793,143.8998,148.5034,4.3589,67125547,148.1696143,0
"8,6,2022",148.3736,149.6615,147.2552,147.7545,-0.6191,53952730,147.9299571,1
"9,6,2022",146.8757,147.7445,142.332,142.4419,-4.4338,68687994,147.0454714,1
"10,6,2022",140.0851,140.5645,136.8696,136.9395,-3.1456,91161833,145.3934857,1
"13,06,2022",132.6854,135.0122,131.2574,131.6968,-0.9886,121222219,142.6358857,1
"14,06,2022",132.9451,133.704,131.2974,132.5756,-0.3695,83890976,140.8355286,1
"15,06,2022",134.1035,137.1492,131.9764,135.2419,1.1384,90901892,139.3076571,0
"16,06,2022",131.8965,132.2061,128.8608,129.8793,-2.0172,107524908,136.6470714,1
"17,06,2022",129.8843,132.8941,129.6297,131.3773,1.493,134520290,134.3074714,0
"21,06,2022",133.2347,136.8696,133.1348,135.6813,2.4466,80754096,133.3416714,0
"22,06,2022",134.6028,137.5686,133.724,135.162,0.5592,70722581,133.0877429,0
"23,06,2022",136.6299,138.3975,135.4416,138.0779,1.448,70048235,133.9993286,0
"24,06,2022",139.7057,141.7129,139.5759,141.4632,1.7575,82839446,135.2689857,0
"27,06,2022",142.4968,143.2907,140.7692,141.4632,-1.0336,63642792,136.1577429,1
"28,06,2022",141.9326,143.2228,137.1342,137.2491,-4.6835,66752851,137.2105714,1
"29,06,2022",137.2691,140.4746,136.4802,139.0366,1.7675,66074990,138.3047571,0
"30,06,2022",137.0594,138.1778,133.5879,136.5301,-0.5293,98625792,138.4260143,1
"1,7,2022",135.851,138.8469,135.4716,138.737,2.886,71051552,138.9367286,0
"5,7,2022",137.5786,141.4133,136.7398,141.3634,3.7848,70944743,139.4060857,0
"6,7,2022",141.1586,143.9198,140.884,142.7215,1.5629,73550171,139.5858429,0
"7,7,2022",143.091,146.3464,143.081,146.1467,3.0557,65730476,140.2549143,0
"8,7,2022",145.0632,147.345,144.7986,146.8358,1.7726,64301229,141.6244429,0
"11,7,2022",145.4677,146.4363,143.5803,144.6688,-0.7989,60113259,142.4290429,1
"12,7,2022",145.5575,148.2438,144.8485,145.6574,0.0999,77383561,143.7329429,0
"13,07,2022",142.7914,146.2466,141.9227,145.2879,2.4965,70967304,144.6687857,0
"14,07,2022",143.8799,148.7431,143.051,148.2638,4.3839,77644513,145.6545571,0
"15,07,2022",149.5719,150.6504,147.9941,149.9614,0.3895,76102959,146.6888286,0
"18,07,2022",150.5306,151.3595,146.4962,146.8657,-3.6649,80974290,146.7915429,1
"19,07,2022",147.7145,151.0199,146.7059,150.7903,3.0758,82290549,147.3564714,0
"20,07,2022",150.9101,153.5065,150.1611,152.8274,1.9173,64605671,148.5219857,0
"21,07,2022",154.2854,155.3539,151.7289,155.1342,0.8488,64467893,149.8758143,0
"22,07,2022",155.1742,156.0629,153.1969,153.876,-1.2982,66408897,151.1026857,1
"25,07,2022",153.7961,154.8246,152.0685,152.7375,-1.0586,53623945,151.7417857,1
"26,07,2022",152.0535,152.8724,150.5905,151.3894,-0.6641,53964894,151.9457857,1
"27,07,2022",152.3681,157.1115,151.9486,156.5722,4.2041,78093938,153.3324286,0
"28,07,2022",156.7619,157.421,154.1955,157.1314,0.3695,69665464,154.2383,0
"29,07,2022",161.016,163.4027,159.2784,162.2843,1.2683,100898879,155.5892857,0
"1,8,2022",160.7863,163.3628,160.6665,161.2857,0.4994,64516062,156.4680714,0
"2,8,2022",159.8776,162.1844,159.4083,159.7877,-0.0899,58686282,157.3126,1
"3,8,2022",160.6166,166.3586,160.5267,165.8992,5.2826,82314204,159.1928429,0
"4,8,2022",165.7744,166.9578,164.2016,165.5797,-0.1947,55242231,161.2200286,1
"5,8,2022",163.21,165.85,163,165.35,2.14,56512825,162.474,0
"8,8,2022",166.37,167.81,164.2,164.87,-1.5,60065759,163.5795143,1
"9,8,2022",164.02,165.82,163.25,164.92,0.9,62421296,163.9560429,0
"10,8,2022",167.68,169.34,166.9,169.24,1.56,69791404,165.0923714,0
"11,8,2022",170.06,170.99,168.19,168.49,-1.57,56208903,166.3355571,1
"12,8,2022",169.82,172.17,169.4,172.1,2.28,67540795,167.2213857,0
"15,08,2022",171.52,173.39,171.345,173.19,1.67,53869717,168.3085714,0
"16,08,2022",172.78,173.71,171.6618,173.03,0.25,55468530,169.4057143,0
"17,08,2022",172.77,176.15,172.57,174.55,1.78,78023216,170.7885714,0
"18,08,2022",173.75,174.9,173.12,174.15,0.4,61591622,172.1071429,0
"19,08,2022",173.03,173.74,171.3101,171.52,-1.51,69409796,172.4328571,1
"22,08,2022",169.69,169.86,167.135,167.57,-2.12,67755486,172.3014286,1
"23,08,2022",167.08,168.71,166.65,167.23,0.15,53709564,171.6057143,0
"24,08,2022",167.32,168.11,166.245,167.53,0.21,53841524,170.7971429,0
"25,08,2022",168.78,170.14,168.35,170.03,1.25,50545678,170.3685714,0
"26,08,2022",170.57,171.05,163.56,163.62,-6.95,78321014,168.8071429,1
"29,08,2022",161.145,162.9,159.82,161.38,0.235,72724452,166.9828571,0
"30,08,2022",162.13,162.56,157.72,158.91,-3.22,74687627,165.1814286,1
"31,08,2022",160.305,160.58,157.14,157.22,-3.085,86043717,163.7028571,1
"1,9,2022",156.64,158.42,154.67,157.96,1.32,73649928,162.3785714,0
"2,9,2022",159.75,160.362,154.965,155.81,-3.94,76807343,160.7042857,1
"6,9,2022",156.47,157.09,153.69,154.53,-1.94,73295539,158.49,1
"7,9,2022",154.825,156.67,153.61,155.96,1.135,87157032,157.3957143,0
"8,9,2022",154.64,156.36,152.68,154.46,-0.18,83842314,156.4071429,1
"9,9,2022",155.47,157.82,154.75,157.37,1.9,67697911,156.1871429,0
"12,9,2022",159.59,164.26,159.3,163.43,3.84,103334620,157.0742857,0
"13,09,2022",159.9,160.54,153.37,153.84,-6.06,121848025,156.4857143,1
"14,09,2022",154.785,157.1,153.6106,155.31,0.525,87794885,156.4142857,0
"15,09,2022",154.65,155.24,151.38,152.37,-2.28,89846209,156.1057143,1
"16,09,2022",151.21,151.35,148.37,150.7,-0.51,162003604,155.3542857,1
"19,09,2022",149.31,154.56,149.1,154.48,5.17,79599270,155.3571429,0
"20,09,2022",153.4,158.08,153.08,156.9,3.5,107035944,155.29,0
"21,09,2022",157.34,158.74,153.6,153.72,-3.62,100244121,153.9028571,1
"22,09,2022",152.38,154.47,150.91,152.74,0.36,86264792,153.7457143,0
"23,09,2022",151.19,151.47,148.56,150.43,-0.76,95673836,153.0485714,1
"26,09,2022",149.66,153.7701,149.64,150.77,1.11,92780453,152.82,0
"27,09,2022",152.74,154.72,149.945,151.76,-0.98,84079076,152.9714286,1
"28,09,2022",147.64,150.6414,144.84,149.84,2.2,145054435,152.3085714,0
"29,09,2022",146.1,146.72,140.68,142.48,-3.62,127300128,150.2485714,1
"30,09,2022",141.28,143.1,138,138.2,-3.08,123797858,148.0314286,1
"3,10,2022",138.21,143.07,137.685,142.45,4.24,113664225,146.5614286,0
"4,10,2022",145.03,146.22,144.26,146.1,1.07,87624512,145.9428571,0
"5,10,2022",144.075,147.38,143.01,146.4,2.325,79143320,145.3185714,0
"6,10,2022",145.81,147.54,145.22,145.43,-0.38,68104809,144.4142857,1
"7,10,2022",142.54,143.1,139.445,140.09,-2.45,85464726,143.0214286,1
"10,10,2022",140.42,141.89,138.5729,140.42,0,74588422,142.7271429,0
"11,10,2022",139.9,141.35,138.22,138.98,-0.92,76836862,142.8385714,1
"12,10,2022",139.13,140.36,138.16,138.34,-0.79,69832209,142.2514286,1
"13,10,2022",134.99,143.59,134.37,142.99,8,112874934,141.8071429,0
"14,10,2022",144.31,144.52,138.19,138.38,-5.93,88420512,140.6614286,1
"17,10,2022",141.065,142.9,140.27,142.41,1.345,84681653,140.23,0
"18,10,2022",145.49,146.7,140.61,143.75,-1.74,98702752,140.7528571,1
"19,10,2022",141.69,144.9492,141.5,143.86,2.17,61512437,141.2442857,0
"20,10,2022",143.02,145.89,142.65,143.39,0.37,64328245,141.8742857,0
"21,10,2022",142.87,147.8479,142.649,147.27,4.4,85732265,143.15,0
"24,10,2022",147.185,150.23,146,149.45,2.265,75569074,144.0728571,0
"25,10,2022",150.09,152.49,149.36,152.34,2.25,73583421,146.0671429,0
"26,10,2022",150.96,151.99,148.04,149.35,-1.61,87769611,147.0585714,1
"27,10,2022",148.07,149.046,144.13,144.8,-3.27,108110875,147.2085714,1
"28,10,2022",148.2,157.5,147.82,155.74,7.54,162857942,148.9057143,0
